<?xml version='1.0' encoding='utf-8' standalone='yes' ?>
<map>
    <long name="prev_session_dur" value="14" />
    <string name="afUninstallToken">eJPQ5qRlQbuvJ7X379B5qX:APA91bGBioRcrXIAKGPvfMmJpmyw0OVZR1F2sGjHxOlz9NPXw0G5LSMBAs5eFuBjRCgxL5vgHvo-sMRo19xUNmcQFO5A3XfRFbBrMlQbOqIaVJv8bvXqf_0</string>
    <long name="af_rc_max_age" value="86400" />
    <boolean name="ddl_sent" value="true" />
    <string name="sentSuccessfully">true</string>
    <string name="af_remote_config">eyJmZWF0dXJlcyI6e30sInZlciI6ImRlZmF1bHQudjEuMTYzNzE0OTUyOSJ9</string>
    <int name="versionCode" value="260011338" />
    <boolean name="sentRegisterRequestToAF" value="true" />
    <string name="savedProperties">{&quot;uid&quot;:&quot;7269288012000-8749621509062039290&quot;,&quot;waitForCustomerId&quot;:&quot;false&quot;,&quot;AppUserId&quot;:&quot;112549845&quot;}</string>
    <string name="AF_INSTALLATION">7269288012000-8749621509062039290</string>
    <boolean name="afUninstallToken_queued" value="false" />
    <int name="appsFlyerCount" value="2" />
    <long name="af_rc_timestamp" value="1764908334807" />
    <long name="AppsFlyerTimePassedSincePrevLaunch" value="7269288012000" />
    <boolean name="newGPReferrerSent" value="true" />
    <string name="appsFlyerFirstInstall">2025-12-05_094855+0530</string>
    <long name="afUninstallToken_received_time" value="1764908341761" />
    <string name="attributionId">{&quot;af_status&quot;:&quot;Organic&quot;,&quot;af_message&quot;:&quot;organic install&quot;,&quot;is_first_launch&quot;:false}</string>
</map>
