<?xml version='1.0' encoding='utf-8' standalone='yes' ?>
<map>
    <string name="prev_event_name">af_initiated_checkout</string>
    <long name="prev_event_timestamp" value="1765525708606" />
    <int name="appsFlyerInAppEventCount" value="2" />
    <string name="afUninstallToken">fUtYeqYVT06mUSnu9GXjRb:APA91bFGCSf6ZkXjfI36WCVm0VkszovLLbPpZjBWELkXexzC2ol7i14nid2PjVU3xLfdSSLMc9TC1UySk5cMjGnDfn4LbrR3cm5E7A_NXnlXHOvzFbK9k78</string>
    <long name="prev_session_dur" value="44" />
    <long name="af_rc_max_age" value="86400" />
    <boolean name="ddl_sent" value="true" />
    <string name="sentSuccessfully">true</string>
    <string name="af_remote_config">eyJmZWF0dXJlcyI6e30sInZlciI6ImRlZmF1bHQudjEuMTYzNzE0OTUyOSJ9</string>
    <int name="versionCode" value="240011287" />
    <boolean name="sentRegisterRequestToAF" value="true" />
    <string name="savedProperties">{&quot;uid&quot;:&quot;1765525634366-8417805739112414727&quot;,&quot;waitForCustomerId&quot;:&quot;false&quot;,&quot;AppUserId&quot;:&quot;33121604&quot;}</string>
    <string name="AF_INSTALLATION">1765525634366-8417805739112414727</string>
    <boolean name="afUninstallToken_queued" value="false" />
    <int name="appsFlyerCount" value="5" />
    <long name="af_rc_timestamp" value="1765525634709" />
    <long name="AppsFlyerTimePassedSincePrevLaunch" value="1765546541801" />
    <boolean name="newGPReferrerSent" value="true" />
    <string name="appsFlyerFirstInstall">2025-12-12_131715+0530</string>
    <long name="afUninstallToken_received_time" value="1765525637777" />
    <string name="attributionId">{&quot;install_time&quot;:&quot;2025-12-12 07:47:16.076&quot;,&quot;af_message&quot;:&quot;organic install&quot;,&quot;af_status&quot;:&quot;Organic&quot;,&quot;is_first_launch&quot;:false}</string>
</map>
