<?xml version='1.0' encoding='utf-8' standalone='yes' ?>
<map>
    <long name="prev_session_dur" value="7" />
    <string name="afUninstallToken">eabboL9LQEms6CF-q4VBlE:APA91bGZmgnaPbwiooiW6JLxAcEGBu0g0LvUC-2mUJlN_h9CBkkFqQwIpmQHAE7GmCphg9o8uk-8iAdKw93TFnHf1keSokA27MwK20nrKmH4m9iufshFEOY</string>
    <long name="af_rc_max_age" value="86400" />
    <boolean name="ddl_sent" value="true" />
    <string name="sentSuccessfully">true</string>
    <string name="af_remote_config">eyJmZWF0dXJlcyI6e30sInZlciI6ImRlZmF1bHQudjEuMTYzNzE0OTUyOSJ9</string>
    <int name="versionCode" value="240011311" />
    <boolean name="sentRegisterRequestToAF" value="true" />
    <string name="savedProperties">{&quot;uid&quot;:&quot;1763563641597-5056708928716702896&quot;,&quot;waitForCustomerId&quot;:&quot;false&quot;,&quot;AppUserId&quot;:&quot;112549845&quot;}</string>
    <string name="AF_INSTALLATION">1763563641597-5056708928716702896</string>
    <boolean name="afUninstallToken_queued" value="false" />
    <int name="appsFlyerCount" value="3" />
    <long name="af_rc_timestamp" value="1763563641899" />
    <long name="AppsFlyerTimePassedSincePrevLaunch" value="1763563650607" />
    <boolean name="newGPReferrerSent" value="true" />
    <string name="first_launch">{&quot;net&quot;:1342,&quot;from_fg&quot;:550,&quot;start_with&quot;:&quot;activity&quot;,&quot;init_to_fg&quot;:676}</string>
    <string name="appsFlyerFirstInstall"></string>
    <long name="afUninstallToken_received_time" value="1763563646030" />
    <string name="attributionId">{&quot;install_time&quot;:&quot;2025-11-19 14:47:22.980&quot;,&quot;af_message&quot;:&quot;organic install&quot;,&quot;af_status&quot;:&quot;Organic&quot;,&quot;is_first_launch&quot;:false}</string>
</map>
