<?xml version='1.0' encoding='utf-8' standalone='yes' ?>
<map>
    <string name="prev_event_name">af_initiated_checkout</string>
    <long name="prev_event_timestamp" value="1765941814852" />
    <int name="appsFlyerInAppEventCount" value="2" />
    <long name="prev_session_dur" value="27" />
    <string name="afUninstallToken">eY-oPcmdSNujnMX-OLZp9m:APA91bFpeDA-UnX6AbdF28Wqz3Tgj5cpFbfhI7FWPS9X5LgGq-uZxAi-AVQJcRUPG5jvTl-UF4hWiiFN4RCODi0EM9XH8_bRM9h8AbT2cuJE4qjpwnwzrIs</string>
    <long name="af_rc_max_age" value="86400" />
    <boolean name="ddl_sent" value="true" />
    <string name="sentSuccessfully">true</string>
    <string name="af_remote_config">eyJmZWF0dXJlcyI6e30sInZlciI6ImRlZmF1bHQudjEuMTYzNzE0OTUyOSJ9</string>
    <int name="versionCode" value="240011287" />
    <boolean name="sentRegisterRequestToAF" value="true" />
    <string name="savedProperties">{&quot;uid&quot;:&quot;1765941578962-7006408316166025854&quot;,&quot;waitForCustomerId&quot;:&quot;false&quot;,&quot;AppUserId&quot;:&quot;162863908&quot;}</string>
    <string name="AF_INSTALLATION">1765941578962-7006408316166025854</string>
    <boolean name="afUninstallToken_queued" value="false" />
    <int name="appsFlyerCount" value="11" />
    <long name="af_rc_timestamp" value="1765941579395" />
    <long name="AppsFlyerTimePassedSincePrevLaunch" value="1765946999893" />
    <boolean name="newGPReferrerSent" value="true" />
    <string name="appsFlyerFirstInstall">2025-12-17_084939+0530</string>
    <long name="afUninstallToken_received_time" value="1765941583174" />
    <string name="attributionId">{&quot;install_time&quot;:&quot;2025-12-17 03:19:44.279&quot;,&quot;af_message&quot;:&quot;organic install&quot;,&quot;af_status&quot;:&quot;Organic&quot;,&quot;is_first_launch&quot;:false}</string>
</map>
