<?xml version='1.0' encoding='utf-8' standalone='yes' ?>
<map>
    <string name="prev_event_name">af_initiated_checkout</string>
    <long name="prev_event_timestamp" value="1767610203247" />
    <int name="appsFlyerInAppEventCount" value="2" />
    <long name="prev_session_dur" value="5" />
    <string name="afUninstallToken">fnJCp88XQz65EpFgKsBaGc:APA91bGUdZCHzJQfdidtJ6YVFan_EZZkSoBhecSLyFBcEO0k5NjmWOngGCLHU8Z59dCCVLyvT-CUTCcY26uxY1v39x80H9CS9wVijpwFBZPWA3OjxvTlXng</string>
    <long name="af_rc_max_age" value="86400" />
    <boolean name="ddl_sent" value="true" />
    <string name="sentSuccessfully">true</string>
    <string name="af_remote_config">eyJmZWF0dXJlcyI6e30sInZlciI6ImRlZmF1bHQudjEuMTYzNzE0OTUyOSJ9</string>
    <int name="versionCode" value="240011287" />
    <string name="savedProperties">{&quot;uid&quot;:&quot;1767610012632-7488652990263260463&quot;,&quot;waitForCustomerId&quot;:&quot;false&quot;,&quot;AppUserId&quot;:&quot;166446654&quot;}</string>
    <string name="AF_INSTALLATION">1767610012632-7488652990263260463</string>
    <boolean name="afUninstallToken_queued" value="false" />
    <int name="appsFlyerCount" value="7" />
    <long name="af_rc_timestamp" value="1769575716051" />
    <long name="AppsFlyerTimePassedSincePrevLaunch" value="1769575717221" />
    <boolean name="newGPReferrerSent" value="true" />
    <string name="appsFlyerFirstInstall">2026-01-05_161653+0530</string>
    <long name="afUninstallToken_received_time" value="1769575719442" />
</map>
