<?xml version='1.0' encoding='utf-8' standalone='yes' ?>
<map>
    <long name="prev_session_dur" value="15" />
    <string name="afUninstallToken">cPvwD0ylSvuYn-NTkPViUO:APA91bEs6G_fzV7j8aKUDAnF2xzdHsxjaEOHCPBfsce3a6tgdJMAR0h1vxH4qCzidMgkjUuR_zTQGarlNraofASCySo7MxeV0AEspm6CPM9esZDQqJRizuA</string>
    <long name="af_rc_max_age" value="86400" />
    <boolean name="ddl_sent" value="true" />
    <string name="sentSuccessfully">true</string>
    <string name="af_remote_config">eyJmZWF0dXJlcyI6e30sInZlciI6ImRlZmF1bHQudjEuMTYzNzE0OTUyOSJ9</string>
    <int name="versionCode" value="240011304" />
    <string name="savedProperties">{&quot;uid&quot;:&quot;1766727709360-6590329638569008557&quot;}</string>
    <string name="AF_INSTALLATION">1766727709360-6590329638569008557</string>
    <boolean name="afUninstallToken_queued" value="false" />
    <int name="appsFlyerCount" value="3" />
    <long name="af_rc_timestamp" value="1766727709861" />
    <long name="AppsFlyerTimePassedSincePrevLaunch" value="1766727730189" />
    <boolean name="newGPReferrerSent" value="true" />
    <string name="first_launch">{&quot;net&quot;:1759,&quot;from_fg&quot;:72,&quot;start_with&quot;:&quot;activity&quot;,&quot;init_to_fg&quot;:1005}</string>
    <string name="appsFlyerFirstInstall"></string>
    <long name="afUninstallToken_received_time" value="1766727732177" />
</map>
