<?xml version='1.0' encoding='utf-8' standalone='yes' ?>
<map>
    <string name="prev_event_name">af_login</string>
    <long name="prev_event_timestamp" value="1766133405964" />
    <int name="appsFlyerInAppEventCount" value="1" />
    <long name="prev_session_dur" value="6" />
    <string name="afUninstallToken">ciETgFZXT46vg3SEb6ytRR:APA91bF32sFRA4O6xgW1PT-X5gnZAou_8aQTj-snj-r0M3naRd1kXEu34GBnwVpw1nxG9jrXI1OTudpSrUkr5aTtkUeOoGrbdYcHSnXS4btNp-8OHU65RVA</string>
    <boolean name="ddl_sent" value="true" />
    <long name="af_rc_max_age" value="86400" />
    <string name="sentSuccessfully">true</string>
    <string name="af_remote_config">eyJmZWF0dXJlcyI6e30sInZlciI6ImRlZmF1bHQudjEuMTYzNzE0OTUyOSJ9</string>
    <int name="versionCode" value="240011304" />
    <string name="savedProperties">{&quot;uid&quot;:&quot;1766133167394-5522926820166082390&quot;,&quot;waitForCustomerId&quot;:&quot;false&quot;,&quot;AppUserId&quot;:&quot;142699627&quot;}</string>
    <string name="AF_INSTALLATION">1766133167394-5522926820166082390</string>
    <boolean name="afUninstallToken_queued" value="false" />
    <int name="appsFlyerCount" value="6" />
    <long name="AppsFlyerTimePassedSincePrevLaunch" value="1766474796368" />
    <long name="af_rc_timestamp" value="1766474796270" />
    <boolean name="newGPReferrerSent" value="true" />
    <string name="first_launch">{&quot;net&quot;:981,&quot;from_fg&quot;:646,&quot;start_with&quot;:&quot;activity&quot;,&quot;init_to_fg&quot;:259}</string>
    <string name="appsFlyerFirstInstall"></string>
    <long name="afUninstallToken_received_time" value="1766474798557" />
</map>
