<?xml version='1.0' encoding='utf-8' standalone='yes' ?>
<map>
    <string name="prev_event_name">af_content_view</string>
    <long name="prev_event_timestamp" value="1758267127128" />
    <int name="appsFlyerInAppEventCount" value="2" />
    <long name="prev_session_dur" value="38" />
    <string name="afUninstallToken">e6-CI2GAQw2h8PABwMLNLT:APA91bHAeEC1fbeiEPQUVx-yaYVwcJ0aKJwdRbneB2Dk7_2y8YH-HnSsUjQY5iakiBngsierfwl41k691fEa1lFwgRhVnRr9Sv-wRBQJasR14y0LChOBn_w</string>
    <boolean name="ddl_sent" value="true" />
    <long name="af_rc_max_age" value="86400" />
    <string name="sentSuccessfully">true</string>
    <string name="af_remote_config">eyJmZWF0dXJlcyI6e30sInZlciI6ImRlZmF1bHQudjEuMTYzNzE0OTUyOSJ9</string>
    <int name="versionCode" value="999999999" />
    <string name="savedProperties">{&quot;uid&quot;:&quot;1756186265120-8259169135526349594&quot;,&quot;waitForCustomerId&quot;:&quot;false&quot;,&quot;AppUserId&quot;:&quot;124484439&quot;}</string>
    <string name="AF_INSTALLATION">1756186265120-8259169135526349594</string>
    <boolean name="afUninstallToken_queued" value="false" />
    <int name="appsFlyerCount" value="14" />
    <long name="af_rc_timestamp" value="1759497738080" />
    <long name="AppsFlyerTimePassedSincePrevLaunch" value="1759497738085" />
    <boolean name="newGPReferrerSent" value="true" />
    <string name="first_launch">{&quot;net&quot;:1785,&quot;from_fg&quot;:554,&quot;start_with&quot;:&quot;activity&quot;,&quot;init_to_fg&quot;:421}</string>
    <string name="appsFlyerFirstInstall"></string>
    <long name="afUninstallToken_received_time" value="1759497740240" />
</map>
