<?xml version='1.0' encoding='utf-8' standalone='yes' ?>
<map>
    <string name="prev_event_name">af_initiated_checkout</string>
    <long name="prev_event_timestamp" value="7269288012000" />
    <int name="appsFlyerInAppEventCount" value="2" />
    <long name="prev_session_dur" value="21" />
    <string name="afUninstallToken">cDqQ4vkVTc6o0oAtl5Qaad:APA91bG9Lfmp_wBbCIe2mD26sDRDwT15bEYy4MRrE2P59dXNGw5TrTOOAbVACHtEDzQvfr9LlttSfkXmXV6xCm7iHcx5Yq18-sex8H0h23OcMYAEwf5nND0</string>
    <boolean name="ddl_sent" value="true" />
    <long name="af_rc_max_age" value="86400" />
    <string name="sentSuccessfully">true</string>
    <string name="af_remote_config">eyJmZWF0dXJlcyI6e30sInZlciI6ImRlZmF1bHQudjEuMTYzNzE0OTUyOSJ9</string>
    <int name="versionCode" value="240011316" />
    <string name="savedProperties">{&quot;uid&quot;:&quot;7269288012000-3124843792530359274&quot;,&quot;waitForCustomerId&quot;:&quot;false&quot;,&quot;AppUserId&quot;:&quot;15540925&quot;}</string>
    <string name="AF_INSTALLATION">7269288012000-3124843792530359274</string>
    <boolean name="afUninstallToken_queued" value="false" />
    <int name="appsFlyerCount" value="3" />
    <long name="af_rc_timestamp" value="1762323966481" />
    <long name="AppsFlyerTimePassedSincePrevLaunch" value="1762323966811" />
    <boolean name="newGPReferrerSent" value="true" />
    <string name="appsFlyerFirstInstall"></string>
    <long name="afUninstallToken_received_time" value="1762323969858" />
</map>
