<?xml version='1.0' encoding='utf-8' standalone='yes' ?>
<map>
    <string name="afUninstallToken">fPWTpOjsQmeLGF3BPyteLL:APA91bGSMrBDV-MZshV6lwAAKYVwlmYhj-z2SRx5KSWRYOtNT1e9T98-w7J-Uk5TQ7heVqdacROqEuCsWbDuo8JW85FTYqm12efvnGVsf2CUTizUuUiz_fQ</string>
    <long name="prev_session_dur" value="8" />
    <long name="af_rc_max_age" value="86400" />
    <boolean name="ddl_sent" value="true" />
    <string name="sentSuccessfully">true</string>
    <string name="af_remote_config">eyJmZWF0dXJlcyI6e30sInZlciI6ImRlZmF1bHQudjEuMTYzNzE0OTUyOSJ9</string>
    <int name="versionCode" value="240011271" />
    <boolean name="sentRegisterRequestToAF" value="true" />
    <string name="savedProperties">{&quot;uid&quot;:&quot;1755238195446-8041743652622063002&quot;,&quot;waitForCustomerId&quot;:&quot;false&quot;,&quot;AppUserId&quot;:&quot;101231617&quot;}</string>
    <string name="AF_INSTALLATION">1755238195446-8041743652622063002</string>
    <boolean name="afUninstallToken_queued" value="false" />
    <int name="appsFlyerCount" value="3" />
    <long name="af_rc_timestamp" value="1755238195625" />
    <long name="AppsFlyerTimePassedSincePrevLaunch" value="1755238205294" />
    <boolean name="newGPReferrerSent" value="true" />
    <string name="first_launch">{&quot;net&quot;:620,&quot;from_fg&quot;:554,&quot;start_with&quot;:&quot;activity&quot;,&quot;init_to_fg&quot;:535}</string>
    <string name="appsFlyerFirstInstall"></string>
    <long name="afUninstallToken_received_time" value="1755238198136" />
    <string name="attributionId">{&quot;af_status&quot;:&quot;Organic&quot;,&quot;af_message&quot;:&quot;organic install&quot;,&quot;is_first_launch&quot;:false}</string>
</map>
