<?xml version='1.0' encoding='utf-8' standalone='yes' ?>
<map>
    <string name="prev_event_name">af_complete_registration</string>
    <long name="prev_event_timestamp" value="1760062607246" />
    <int name="appsFlyerInAppEventCount" value="1" />
    <long name="prev_session_dur" value="7" />
    <string name="afUninstallToken">eX_2oa6KTpuAo0_Hw4uz7u:APA91bHwc2c_peVF5uE4exTzUaTRMmNH8gPg6NyXNreW_JTVGaRbwWEL_9XCCAKSy6T5zEvuustmJBSFgK6px0wU19trB8_MBEfcnp-d5jqNKfveTLqppb8</string>
    <boolean name="ddl_sent" value="true" />
    <long name="af_rc_max_age" value="86400" />
    <string name="sentSuccessfully">true</string>
    <string name="af_remote_config">eyJmZWF0dXJlcyI6e30sInZlciI6ImRlZmF1bHQudjEuMTYzNzE0OTUyOSJ9</string>
    <int name="versionCode" value="260011332" />
    <string name="savedProperties">{&quot;uid&quot;:&quot;1759995721507-2185209245142277654&quot;,&quot;waitForCustomerId&quot;:&quot;false&quot;,&quot;AppUserId&quot;:&quot;142930458&quot;}</string>
    <string name="AF_INSTALLATION">1759995721507-2185209245142277654</string>
    <boolean name="afUninstallToken_queued" value="false" />
    <int name="appsFlyerCount" value="7" />
    <long name="af_rc_timestamp" value="1764396765226" />
    <long name="AppsFlyerTimePassedSincePrevLaunch" value="1764396766476" />
    <boolean name="newGPReferrerSent" value="true" />
    <string name="appsFlyerFirstInstall"></string>
    <long name="afUninstallToken_received_time" value="1764396767978" />
</map>
