<?xml version='1.0' encoding='utf-8' standalone='yes' ?>
<map>
    <string name="prev_event_name">af_initiated_checkout</string>
    <long name="prev_event_timestamp" value="7269288012000" />
    <int name="appsFlyerInAppEventCount" value="2" />
    <long name="prev_session_dur" value="18" />
    <string name="afUninstallToken">eKndKnYaSGCtqidQPHqDdu:APA91bFwVae96Zov8ItV9Q99AWFgWXNhVagGRXzV4y1WhsmA8IGEq4Q_AtLKSYAFMe1m8NZi6q7xb14LvVRJ_p7gUXx66UZEqO3BRG-NiQYUGuw_53XQaCA</string>
    <long name="af_rc_max_age" value="86400" />
    <boolean name="ddl_sent" value="true" />
    <string name="sentSuccessfully">true</string>
    <string name="af_remote_config">eyJmZWF0dXJlcyI6e30sInZlciI6ImRlZmF1bHQudjEuMTYzNzE0OTUyOSJ9</string>
    <int name="versionCode" value="240011260" />
    <string name="savedProperties">{&quot;uid&quot;:&quot;7269288012000-5152845664827884226&quot;,&quot;waitForCustomerId&quot;:&quot;false&quot;,&quot;AppUserId&quot;:&quot;24693938&quot;}</string>
    <string name="AF_INSTALLATION">7269288012000-5152845664827884226</string>
    <boolean name="afUninstallToken_queued" value="false" />
    <int name="appsFlyerCount" value="3" />
    <long name="af_rc_timestamp" value="1755018086853" />
    <long name="AppsFlyerTimePassedSincePrevLaunch" value="1755018087355" />
    <boolean name="newGPReferrerSent" value="true" />
    <string name="first_launch">{&quot;net&quot;:-5523944697907,&quot;from_fg&quot;:5523944698891,&quot;start_with&quot;:&quot;activity&quot;,&quot;init_to_fg&quot;:257}</string>
    <string name="appsFlyerFirstInstall"></string>
    <long name="afUninstallToken_received_time" value="1755018090502" />
</map>
