<?xml version='1.0' encoding='utf-8' standalone='yes' ?>
<map>
    <string name="prev_event_name">af_login</string>
    <long name="prev_event_timestamp" value="1768456177237" />
    <int name="appsFlyerInAppEventCount" value="1" />
    <string name="afUninstallToken">di_uHdM_Qt2kvx2fribHJx:APA91bE-YHk6kjCbQ6RZ3w8DplvcXZ0ZAWbkwaFJmVSz9ieFz-6L5XqnRXdp1v4y3tS27TYXwM0d7TDo7hnPahxDEW3HmL23GINhzSh5HOZSCcntVq32Qlw</string>
    <long name="prev_session_dur" value="4" />
    <long name="af_rc_max_age" value="86400" />
    <boolean name="ddl_sent" value="true" />
    <string name="sentSuccessfully">true</string>
    <string name="af_remote_config">eyJmZWF0dXJlcyI6e30sInZlciI6ImRlZmF1bHQudjEuMTYzNzE0OTUyOSJ9</string>
    <int name="versionCode" value="240011304" />
    <string name="savedProperties">{&quot;uid&quot;:&quot;1768455384123-3589825751587077674&quot;,&quot;waitForCustomerId&quot;:&quot;false&quot;,&quot;AppUserId&quot;:&quot;59050682&quot;}</string>
    <string name="AF_INSTALLATION">1768455384123-3589825751587077674</string>
    <boolean name="afUninstallToken_queued" value="false" />
    <int name="appsFlyerCount" value="4" />
    <long name="af_rc_timestamp" value="1768455384566" />
    <long name="AppsFlyerTimePassedSincePrevLaunch" value="1768457882024" />
    <boolean name="newGPReferrerSent" value="true" />
    <string name="appsFlyerFirstInstall">2026-01-15_110626+0530</string>
    <long name="afUninstallToken_received_time" value="1768455387151" />
</map>
