<?xml version='1.0' encoding='utf-8' standalone='yes' ?>
<map>
    <string name="prev_event_name">af_complete_registration</string>
    <long name="prev_event_timestamp" value="1767155377504" />
    <int name="appsFlyerInAppEventCount" value="1" />
    <string name="afUninstallToken">dD59jv0TRcu5DHYwH6nn1o:APA91bGWcuHr7AoKSBguOsdn9lYQzUAxz9apvPdqZFPIVouVoQZDusJG0o9pobJlJyySVo6u9fka1YoOTOt0FXYMLT0cy9QST9Pue6cQF8fXjRfCqbTghcQ</string>
    <long name="prev_session_dur" value="6" />
    <boolean name="ddl_sent" value="true" />
    <long name="af_rc_max_age" value="86400" />
    <string name="sentSuccessfully">true</string>
    <string name="af_remote_config">eyJmZWF0dXJlcyI6e30sInZlciI6ImRlZmF1bHQudjEuMTYzNzE0OTUyOSJ9</string>
    <int name="versionCode" value="240011304" />
    <string name="savedProperties">{&quot;uid&quot;:&quot;1767155307989-2721543717498079951&quot;,&quot;waitForCustomerId&quot;:&quot;false&quot;,&quot;AppUserId&quot;:&quot;165406059&quot;}</string>
    <string name="AF_INSTALLATION">1767155307989-2721543717498079951</string>
    <boolean name="afUninstallToken_queued" value="false" />
    <int name="appsFlyerCount" value="6" />
    <long name="af_rc_timestamp" value="1767548362392" />
    <long name="AppsFlyerTimePassedSincePrevLaunch" value="1767587896871" />
    <boolean name="newGPReferrerSent" value="true" />
    <string name="appsFlyerFirstInstall"></string>
    <long name="afUninstallToken_received_time" value="1767155310992" />
</map>
