<?xml version='1.0' encoding='utf-8' standalone='yes' ?>
<map>
    <string name="home_tabs_api_data_date">2025-12-17</string>
    <int name="rating_popup_count" value="1" />
    <int name="app_version" value="240011287" />
    <string name="first_open_date">17 12 2025</string>
    <string name="start_timestamp">1765946933479</string>
    <string name="advertising_id">bf634b73-3fd8-430b-ae33-43f3b9a67cea</string>
    <boolean name="appsflyer_attribution_sent_to_backend" value="true" />
    <boolean name="check_install_referrer_data" value="true" />
    <string name="last_rating_popup_shown">17-12-2025</string>
    <string name="campaign_uri">CAMPAIGN_URI_NOT_FOUND</string>
    <string name="auth_tokens">{&quot;access_token&quot;:&quot;eyJhbGciOiJIUzUxMiIsInR5cCI6IkpXVCJ9.eyJ1c2VyX2lkIjoxNjI4NjM5MDgsInR5cGUiOiJhY2Nlc3NfdG9rZW4iLCJleHAiOjE3NjU5NDg1NTF9.Zkh_HEfiPnDkHfgwA-oau4NNjq756-i9lIauoAvpLI9j4p-fW4IVb08m5hu1w9rwNDJjZc-RzxdnXN8Qdx3k4g&quot;,&quot;access_token_expiry&quot;:&quot;1765948551&quot;,&quot;refresh_token&quot;:&quot;eyJhbGciOiJIUzUxMiIsInR5cCI6IkpXVCJ9.eyJ1c2VyX2lkIjoxNjI4NjM5MDgsImV4cCI6MTc3MTEyNTc5NywidHlwZSI6InJlZnJlc2hfdG9rZW4ifQ.oLljYVifzmz5WAJIRhjjgioBjfjQv3CLjNJN5_wpiW0FjYvZ6HopHwWizsmIeEyedUm_58ZFlpuqfNGmEcX3Kw&quot;,&quot;refresh_token_expiry&quot;:&quot;1771125797&quot;,&quot;renew_access_token_before&quot;:900,&quot;renew_refresh_token_before&quot;:1296000}</string>
    <string name="home_tabs_api_data">{&quot;campaign_uri&quot;:&quot;CAMPAIGN_URI_NOT_FOUND&quot;,&quot;filters&quot;:[],&quot;has_more&quot;:false,&quot;mandate_start_popup&quot;:{&quot;cta&quot;:&quot;Start watching&quot;,&quot;icon&quot;:&quot;https://images.seekhoapp.com/static/premium/seekho_coin.png&quot;,&quot;plan_title&quot;:&quot;Trial Plan&quot;,&quot;sub_title&quot;:&quot;Enjoy unlimited videos with\ntrial plan&quot;,&quot;title&quot;:&quot;Welcome to Seekho&quot;},&quot;search_category_titles&quot;:[&quot;Mudra Loan&quot;,&quot;Aadhar Card&quot;,&quot;Tatkaal Ticket&quot;,&quot;Video Editing&quot;,&quot;English Lessons&quot;,&quot;YouTube Channel&quot;,&quot;History Lessons&quot;,&quot;Trading&quot;],&quot;sorting_keys&quot;:[],&quot;status&quot;:&quot;success&quot;,&quot;tab_type&quot;:&quot;all_categories&quot;,&quot;tabs&quot;:[{&quot;has_live_shows&quot;:true,&quot;is_watched&quot;:false,&quot;new_icon&quot;:false,&quot;slug&quot;:&quot;all&quot;,&quot;title&quot;:&quot;All&quot;,&quot;type&quot;:&quot;all&quot;},{&quot;has_live_shows&quot;:true,&quot;is_watched&quot;:false,&quot;new_icon&quot;:false,&quot;slug&quot;:&quot;sarkari-kaam&quot;,&quot;title&quot;:&quot;Sarkari Kaam&quot;,&quot;type&quot;:&quot;category&quot;},{&quot;has_live_shows&quot;:true,&quot;is_watched&quot;:false,&quot;new_icon&quot;:false,&quot;slug&quot;:&quot;online-earning&quot;,&quot;title&quot;:&quot;Part Time Income&quot;,&quot;type&quot;:&quot;category&quot;},{&quot;has_live_shows&quot;:true,&quot;is_watched&quot;:false,&quot;new_icon&quot;:false,&quot;slug&quot;:&quot;instagram&quot;,&quot;title&quot;:&quot;Instagram&quot;,&quot;type&quot;:&quot;category&quot;},{&quot;has_live_shows&quot;:true,&quot;is_watched&quot;:false,&quot;new_icon&quot;:false,&quot;slug&quot;:&quot;youtube&quot;,&quot;title&quot;:&quot;Youtube&quot;,&quot;type&quot;:&quot;category&quot;},{&quot;has_live_shows&quot;:true,&quot;is_watched&quot;:false,&quot;new_icon&quot;:false,&quot;slug&quot;:&quot;english-speaking&quot;,&quot;title&quot;:&quot;English Speaking&quot;,&quot;type&quot;:&quot;category&quot;},{&quot;has_live_shows&quot;:true,&quot;is_watched&quot;:false,&quot;new_icon&quot;:false,&quot;slug&quot;:&quot;astrology&quot;,&quot;title&quot;:&quot;Astrology&quot;,&quot;type&quot;:&quot;category&quot;},{&quot;has_live_shows&quot;:true,&quot;is_watched&quot;:false,&quot;new_icon&quot;:false,&quot;slug&quot;:&quot;finance&quot;,&quot;title&quot;:&quot;Finance&quot;,&quot;type&quot;:&quot;category&quot;},{&quot;has_live_shows&quot;:true,&quot;is_watched&quot;:false,&quot;new_icon&quot;:false,&quot;slug&quot;:&quot;business&quot;,&quot;title&quot;:&quot;Business&quot;,&quot;type&quot;:&quot;category&quot;},{&quot;has_live_shows&quot;:true,&quot;is_watched&quot;:false,&quot;new_icon&quot;:false,&quot;slug&quot;:&quot;meditation&quot;,&quot;title&quot;:&quot;Wellness&quot;,&quot;type&quot;:&quot;category&quot;},{&quot;has_live_shows&quot;:true,&quot;is_watched&quot;:false,&quot;new_icon&quot;:false,&quot;slug&quot;:&quot;jobs-career&quot;,&quot;title&quot;:&quot;Career \u0026 Jobs&quot;,&quot;type&quot;:&quot;category&quot;},{&quot;has_live_shows&quot;:true,&quot;is_watched&quot;:false,&quot;new_icon&quot;:false,&quot;slug&quot;:&quot;invest-money&quot;,&quot;title&quot;:&quot;Share Market&quot;,&quot;type&quot;:&quot;category&quot;},{&quot;has_live_shows&quot;:true,&quot;is_watched&quot;:false,&quot;new_icon&quot;:false,&quot;slug&quot;:&quot;editing&quot;,&quot;title&quot;:&quot;Editing&quot;,&quot;type&quot;:&quot;category&quot;},{&quot;has_live_shows&quot;:true,&quot;is_watched&quot;:false,&quot;new_icon&quot;:false,&quot;slug&quot;:&quot;technology&quot;,&quot;title&quot;:&quot;Mobile Tricks&quot;,&quot;type&quot;:&quot;category&quot;},{&quot;has_live_shows&quot;:false,&quot;is_watched&quot;:false,&quot;new_icon&quot;:false,&quot;slug&quot;:&quot;online-earning-1&quot;,&quot;title&quot;:&quot;Success&quot;,&quot;type&quot;:&quot;category&quot;},{&quot;has_live_shows&quot;:true,&quot;is_watched&quot;:false,&quot;new_icon&quot;:false,&quot;slug&quot;:&quot;health&quot;,&quot;title&quot;:&quot;Health&quot;,&quot;type&quot;:&quot;category&quot;},{&quot;has_live_shows&quot;:true,&quot;is_watched&quot;:false,&quot;new_icon&quot;:false,&quot;slug&quot;:&quot;facts&quot;,&quot;title&quot;:&quot;Knowledge&quot;,&quot;type&quot;:&quot;category&quot;},{&quot;has_live_shows&quot;:true,&quot;is_watched&quot;:false,&quot;new_icon&quot;:false,&quot;slug&quot;:&quot;crime&quot;,&quot;title&quot;:&quot;Crime&quot;,&quot;type&quot;:&quot;category&quot;},{&quot;has_live_shows&quot;:true,&quot;is_watched&quot;:false,&quot;new_icon&quot;:false,&quot;slug&quot;:&quot;horror&quot;,&quot;title&quot;:&quot;Horror&quot;,&quot;type&quot;:&quot;category&quot;},{&quot;has_live_shows&quot;:true,&quot;is_watched&quot;:false,&quot;new_icon&quot;:false,&quot;slug&quot;:&quot;devotion&quot;,&quot;title&quot;:&quot;Devotion&quot;,&quot;type&quot;:&quot;category&quot;},{&quot;has_live_shows&quot;:true,&quot;is_watched&quot;:false,&quot;new_icon&quot;:false,&quot;slug&quot;:&quot;food&quot;,&quot;title&quot;:&quot;Food&quot;,&quot;type&quot;:&quot;category&quot;},{&quot;has_live_shows&quot;:true,&quot;is_watched&quot;:false,&quot;new_icon&quot;:false,&quot;slug&quot;:&quot;personal-development&quot;,&quot;title&quot;:&quot;Self-Growth&quot;,&quot;type&quot;:&quot;category&quot;},{&quot;has_live_shows&quot;:true,&quot;is_watched&quot;:false,&quot;new_icon&quot;:false,&quot;slug&quot;:&quot;agriculture&quot;,&quot;title&quot;:&quot;Agriculture&quot;,&quot;type&quot;:&quot;category&quot;},{&quot;has_live_shows&quot;:true,&quot;is_watched&quot;:false,&quot;new_icon&quot;:false,&quot;slug&quot;:&quot;sales-marketing&quot;,&quot;title&quot;:&quot;Marketing&quot;,&quot;type&quot;:&quot;category&quot;},{&quot;has_live_shows&quot;:true,&quot;is_watched&quot;:false,&quot;new_icon&quot;:false,&quot;slug&quot;:&quot;automobile&quot;,&quot;title&quot;:&quot;Automobile&quot;,&quot;type&quot;:&quot;category&quot;},{&quot;has_live_shows&quot;:true,&quot;is_watched&quot;:false,&quot;new_icon&quot;:false,&quot;slug&quot;:&quot;startups&quot;,&quot;title&quot;:&quot;Startups&quot;,&quot;type&quot;:&quot;category&quot;},{&quot;has_live_shows&quot;:true,&quot;is_watched&quot;:false,&quot;new_icon&quot;:false,&quot;slug&quot;:&quot;history&quot;,&quot;title&quot;:&quot;History&quot;,&quot;type&quot;:&quot;category&quot;},{&quot;has_live_shows&quot;:true,&quot;is_watched&quot;:false,&quot;new_icon&quot;:false,&quot;slug&quot;:&quot;ai&quot;,&quot;title&quot;:&quot;AI&quot;,&quot;type&quot;:&quot;category&quot;},{&quot;has_live_shows&quot;:true,&quot;is_watched&quot;:false,&quot;new_icon&quot;:false,&quot;slug&quot;:&quot;beauty&quot;,&quot;title&quot;:&quot;Beauty&quot;,&quot;type&quot;:&quot;category&quot;},{&quot;has_live_shows&quot;:true,&quot;is_watched&quot;:false,&quot;new_icon&quot;:false,&quot;slug&quot;:&quot;board-exam&quot;,&quot;title&quot;:&quot;Exam Prep&quot;,&quot;type&quot;:&quot;category&quot;},{&quot;has_live_shows&quot;:true,&quot;is_watched&quot;:false,&quot;new_icon&quot;:false,&quot;slug&quot;:&quot;computer&quot;,&quot;title&quot;:&quot;Computer&quot;,&quot;type&quot;:&quot;category&quot;},{&quot;has_live_shows&quot;:true,&quot;is_watched&quot;:false,&quot;new_icon&quot;:false,&quot;slug&quot;:&quot;coding&quot;,&quot;title&quot;:&quot;Coding&quot;,&quot;type&quot;:&quot;category&quot;},{&quot;has_live_shows&quot;:true,&quot;is_watched&quot;:false,&quot;new_icon&quot;:false,&quot;slug&quot;:&quot;lifestyle&quot;,&quot;title&quot;:&quot;Life Hacks&quot;,&quot;type&quot;:&quot;category&quot;},{&quot;has_live_shows&quot;:true,&quot;is_watched&quot;:false,&quot;new_icon&quot;:false,&quot;slug&quot;:&quot;facebook&quot;,&quot;title&quot;:&quot;Facebook&quot;,&quot;type&quot;:&quot;category&quot;},{&quot;has_live_shows&quot;:true,&quot;is_watched&quot;:false,&quot;new_icon&quot;:false,&quot;slug&quot;:&quot;technology-1&quot;,&quot;title&quot;:&quot;Technology&quot;,&quot;type&quot;:&quot;category&quot;},{&quot;has_live_shows&quot;:true,&quot;is_watched&quot;:false,&quot;new_icon&quot;:false,&quot;slug&quot;:&quot;fitness-gym&quot;,&quot;title&quot;:&quot;Fitness \u0026 Gym&quot;,&quot;type&quot;:&quot;category&quot;},{&quot;has_live_shows&quot;:true,&quot;is_watched&quot;:false,&quot;new_icon&quot;:false,&quot;slug&quot;:&quot;motivation&quot;,&quot;title&quot;:&quot;Motivation&quot;,&quot;type&quot;:&quot;category&quot;},{&quot;has_live_shows&quot;:true,&quot;is_watched&quot;:false,&quot;new_icon&quot;:false,&quot;slug&quot;:&quot;photography-1&quot;,&quot;title&quot;:&quot;Photography&quot;,&quot;type&quot;:&quot;category&quot;},{&quot;has_live_shows&quot;:true,&quot;is_watched&quot;:false,&quot;new_icon&quot;:false,&quot;slug&quot;:&quot;math&quot;,&quot;title&quot;:&quot;Math&quot;,&quot;type&quot;:&quot;category&quot;},{&quot;has_live_shows&quot;:true,&quot;is_watched&quot;:false,&quot;new_icon&quot;:false,&quot;slug&quot;:&quot;ramayan&quot;,&quot;title&quot;:&quot;Ramayan&quot;,&quot;type&quot;:&quot;category&quot;}],&quot;track_id&quot;:38}</string>
    <string name="install_referrer_data"></string>
    <string name="network_operator_name"></string>
    <string name="mandate_start_popup_date">2025-12-17</string>
    <string name="user">{&quot;app_language&quot;:&quot;hi&quot;,&quot;current_plan_type&quot;:&quot;trial_monthly_plus&quot;,&quot;id&quot;:162863908,&quot;is_admin&quot;:false,&quot;is_premium&quot;:true,&quot;is_quality_approved&quot;:false,&quot;is_self&quot;:true,&quot;n_coins&quot;:0,&quot;n_followers&quot;:0,&quot;n_following&quot;:0,&quot;n_series&quot;:0,&quot;n_units&quot;:0,&quot;n_videos&quot;:0,&quot;n_views&quot;:0,&quot;name&quot;:&quot;Hooiu&quot;,&quot;new_user&quot;:false,&quot;onboarding_pending&quot;:false,&quot;phone&quot;:&quot;+918153883875&quot;,&quot;pos&quot;:-1,&quot;short_link&quot;:&quot;&quot;,&quot;status&quot;:&quot;&quot;,&quot;user_persona&quot;:&quot;Learner&quot;,&quot;whatsapp_allowed&quot;:false}</string>
    <string name="config">{&quot;app_url&quot;:&quot;https://play.google.com/store/apps/details?id\u003dcom.seekho.android&quot;,&quot;autoplay_skip_on_dialog_close&quot;:false,&quot;campaign_uri&quot;:&quot;Campaign URI NOT FOUND&quot;,&quot;default_coupon_code&quot;:&quot;DEFAULT&quot;,&quot;is_chat_bot_enabled&quot;:false,&quot;enable_freshchat&quot;:true,&quot;enable_home_load_optimizations&quot;:false,&quot;enable_multi_language&quot;:false,&quot;enable_post_payment_commitment&quot;:false,&quot;enable_show_on_series_play&quot;:false,&quot;enable_user_streak&quot;:false,&quot;show_vertical_controls_in_player&quot;:true,&quot;for_you_tab_with_thumbnail_trailer&quot;:false,&quot;free_trial_paywall&quot;:false,&quot;freshchat_bot_tag&quot;:&quot;app_conversations&quot;,&quot;hide_home_tabs&quot;:true,&quot;hide_like_dislike&quot;:false,&quot;disable_series_popup&quot;:true,&quot;hide_signup_paywall&quot;:false,&quot;is_bottom_player_enabled&quot;:true,&quot;is_category_page_redesign_enabled&quot;:false,&quot;is_pip_allowed&quot;:true,&quot;is_portrait_paywall_enabled&quot;:false,&quot;open_player_on_notification_click&quot;:false,&quot;remove_category_icon_tiles&quot;:false,&quot;remove_section_icons&quot;:false,&quot;enable_adster&quot;:false,&quot;show_app_paywalls&quot;:false,&quot;enable_autoplay_revamp&quot;:false,&quot;show_categories_in_new_tab&quot;:false,&quot;show_category_filters_in_new_tab&quot;:false,&quot;enable_category_new_tab&quot;:true,&quot;show_chat_widget&quot;:true,&quot;show_content_preview_paywall&quot;:false,&quot;default_track_onboarding&quot;:false,&quot;default_track_onboarding_skip_cta&quot;:false,&quot;show_explore_bottom_tab&quot;:false,&quot;show_explore_in_category_search&quot;:true,&quot;show_explore_in_search&quot;:true,&quot;show_explore_tab&quot;:false,&quot;show_feedback_button&quot;:true,&quot;show_feedback_on_like&quot;:false,&quot;show_gender_selection&quot;:false,&quot;show_in_app_rating_popup&quot;:true,&quot;show_user_library_tab&quot;:true,&quot;show_page_with_content_rows&quot;:false,&quot;show_new_tab&quot;:true,&quot;show_notification_media_player&quot;:false,&quot;show_popup_paywall_on_series&quot;:false,&quot;show_premium_discount_strip&quot;:false,&quot;show_premium_tab&quot;:false,&quot;show_premium_user_onboarding&quot;:false,&quot;show_search_bar_in_home&quot;:false,&quot;show_search_bar_in_home_and_category&quot;:true,&quot;show_search_in_category&quot;:false,&quot;show_signup_paywall&quot;:false,&quot;show_trial_plan_paywall&quot;:false,&quot;payment_app_name_in_buy_now_cta&quot;:false,&quot;view_more_show_chips&quot;:false,&quot;show_age_consent_popup&quot;:false,&quot;user_preferred_billing&quot;:false,&quot;enable_optimized_series_loading&quot;:false}</string>
</map>
