<?xml version='1.0' encoding='utf-8' standalone='yes' ?>
<map>
    <boolean name="measurement_enabled_from_api" value="true" />
    <long name="first_open_time" value="1767610012525" />
    <string name="gmp_app_id">1:636813832662:android:6ee1faecedb3b1dbfc7477</string>
    <boolean name="measurement_enabled" value="true" />
    <string name="app_instance_id">d6549e56e8117a5c661ae78050cba881</string>
    <boolean name="has_been_opened" value="true" />
    <boolean name="app_backgrounded" value="true" />
    <boolean name="allow_remote_dynamite" value="true" />
    <long name="health_monitor:start" value="1769575717266" />
    <boolean name="use_service" value="true" />
    <boolean name="start_new_session" value="true" />
</map>
