<?xml version='1.0' encoding='utf-8' standalone='yes' ?>
<map>
    <boolean name="measurement_enabled_from_api" value="true" />
    <long name="first_open_time" value="1753506276137" />
    <string name="gmp_app_id">1:636813832662:android:6ee1faecedb3b1dbfc7477</string>
    <string name="app_instance_id">e6b18bf85fffcc5e171dcf5c6c821d86</string>
    <boolean name="app_backgrounded" value="true" />
    <long name="session_id" value="1763563650" />
    <long name="health_monitor:start" value="1763554921230" />
    <boolean name="use_service" value="true" />
    <boolean name="deferred_analytics_collection" value="false" />
    <boolean name="measurement_enabled" value="true" />
    <string name="previous_os_version">12</string>
    <boolean name="has_been_opened" value="true" />
    <boolean name="allow_remote_dynamite" value="true" />
    <long name="last_pause_time" value="1763563657155" />
    <boolean name="start_new_session" value="false" />
</map>
