<?xml version='1.0' encoding='utf-8' standalone='yes' ?>
<map>
    <int name="kitsBitmask" value="33" />
    <boolean name="is_referrer_updated" value="true" />
    <string name="PCKGCHKSUM;999999999">45acaba968d24190f5949643fb43c135</string>
    <string name="PCKGCHKSUM;1.13.23">a5da3f0e90e71b19b346c3952343a85e</string>
    <string name="PCKGCHKSUM;1.13.13">e65e224e6b18ff5d354c42a75a3a309e</string>
    <string name="anonymousAppDeviceGUID">XZ6338b9c9-7e72-4e9f-9089-8e556c353a89</string>
</map>
