<?xml version='1.0' encoding='utf-8' standalone='yes' ?>
<map>
    <long name="com.facebook.appevents.SessionInfo.sessionStartTime" value="1765941952947" />
    <long name="com.facebook.appevents.SessionInfo.sessionEndTime" value="1765941959499" />
    <boolean name="bg_startup_tracing" value="false" />
    <string name="com.facebook.appevents.UserDataStore.internalUserData">{&quot;r2&quot;:&quot;aaacde6837aa662b6b27ca7ce4b3e13d0eabb845fc44d57ab49edb3b14616646&quot;}</string>
    <int name="com.facebook.appevents.SessionInfo.interruptionCount" value="2" />
    <string name="com.facebook.appevents.SessionInfo.sessionId">63b2b3f6-db60-49a4-a65b-d2881e7fd709</string>
</map>
