<?xml version='1.0' encoding='utf-8' standalone='yes' ?>
<map>
    <boolean name="bg_startup_tracing" value="false" />
    <long name="com.facebook.appevents.SessionInfo.sessionStartTime" value="1769575716840" />
    <long name="com.facebook.appevents.SessionInfo.sessionEndTime" value="1769575722166" />
    <string name="com.facebook.appevents.UserDataStore.internalUserData">{&quot;r2&quot;:&quot;aec240eef3a41702c74ed26fd3f7b74d9e2938ba279a73bee2cca74d91c7af62&quot;}</string>
    <int name="com.facebook.appevents.SessionInfo.interruptionCount" value="0" />
    <string name="com.facebook.appevents.SessionInfo.sessionId">662bef58-8455-4bf8-84d8-13313fb471c9</string>
</map>
