<?xml version='1.0' encoding='utf-8' standalone='yes' ?>
<map>
    <string name="video_quality_v2"></string>
    <string name="home_tabs_api_data_date">2025-10-03</string>
    <int name="rating_popup_count" value="1" />
    <int name="app_version" value="260011323" />
    <string name="first_open_date">19 09 2025</string>
    <string name="second_open_date">24 09 2025</string>
    <string name="start_timestamp">1758267106004</string>
    <string name="advertising_id">bf634b73-3fd8-430b-ae33-43f3b9a67cea</string>
    <boolean name="appsflyer_attribution_sent_to_backend" value="true" />
    <boolean name="check_install_referrer_data" value="true" />
    <boolean name="is_swipe_up_shown" value="true" />
    <string name="last_rating_popup_shown">03-10-2025</string>
    <string name="campaign_uri">appsflyer_app_id://com.seekho.android/self growth.</string>
    <string name="auth_tokens">{&quot;access_token&quot;:&quot;eyJhbGciOiJIUzUxMiIsInR5cCI6IkpXVCJ9.eyJ1c2VyX2lkIjoxMjQ0ODQ0MzksInR5cGUiOiJhY2Nlc3NfdG9rZW4iLCJleHAiOjE3NTk1MDAzMjZ9.2iqAEFfWcPaqS_CEF2Ht35Z_q3HRa9GYP4hhSiOz_kxwuKgQyFgQfczJpONZYy99TWlVnkLDs3XC_IpOFA2IQA&quot;,&quot;access_token_expiry&quot;:&quot;1759500326&quot;,&quot;refresh_token&quot;:&quot;eyJhbGciOiJIUzUxMiIsInR5cCI6IkpXVCJ9.eyJ1c2VyX2lkIjoxMjQ0ODQ0MzksImV4cCI6MTc2MTM3MDAxNywidHlwZSI6InJlZnJlc2hfdG9rZW4ifQ.NIkzGuBgt3S1N4BkSqOBYFgx-K5E6VWE-G17BAlxMjLeOKal-reqejZie2BHcVta4e7blVi_ZiDNhBLYZJKVsA&quot;,&quot;refresh_token_expiry&quot;:&quot;1761370017&quot;,&quot;renew_access_token_before&quot;:900,&quot;renew_refresh_token_before&quot;:1296000}</string>
    <string name="home_tabs_api_data">{&quot;campaign_uri&quot;:&quot;appsflyer_app_id://com.seekho.android/self growth.&quot;,&quot;filters&quot;:[],&quot;has_more&quot;:false,&quot;search_category_titles&quot;:[&quot;Mudra Loan&quot;,&quot;Aadhar Card&quot;,&quot;Tatkaal Ticket&quot;,&quot;Video Editing&quot;,&quot;English Lessons&quot;,&quot;YouTube Channel&quot;,&quot;History Lessons&quot;,&quot;Trading&quot;],&quot;sorting_keys&quot;:[],&quot;status&quot;:&quot;success&quot;,&quot;tab_type&quot;:&quot;all_categories&quot;,&quot;tabs&quot;:[{&quot;has_live_shows&quot;:true,&quot;is_watched&quot;:false,&quot;new_icon&quot;:false,&quot;slug&quot;:&quot;all&quot;,&quot;title&quot;:&quot;All&quot;,&quot;type&quot;:&quot;all&quot;},{&quot;has_live_shows&quot;:true,&quot;is_watched&quot;:false,&quot;new_icon&quot;:false,&quot;slug&quot;:&quot;personal-development&quot;,&quot;title&quot;:&quot;Self-Growth&quot;,&quot;type&quot;:&quot;category&quot;},{&quot;has_live_shows&quot;:true,&quot;is_watched&quot;:false,&quot;new_icon&quot;:false,&quot;slug&quot;:&quot;invest-money&quot;,&quot;title&quot;:&quot;Share Market&quot;,&quot;type&quot;:&quot;category&quot;},{&quot;has_live_shows&quot;:true,&quot;is_watched&quot;:false,&quot;new_icon&quot;:false,&quot;slug&quot;:&quot;business&quot;,&quot;title&quot;:&quot;Business&quot;,&quot;type&quot;:&quot;category&quot;},{&quot;has_live_shows&quot;:true,&quot;is_watched&quot;:false,&quot;new_icon&quot;:false,&quot;slug&quot;:&quot;online-earning&quot;,&quot;title&quot;:&quot;Part Time Income&quot;,&quot;type&quot;:&quot;category&quot;},{&quot;has_live_shows&quot;:true,&quot;is_watched&quot;:false,&quot;new_icon&quot;:false,&quot;slug&quot;:&quot;youtube&quot;,&quot;title&quot;:&quot;Youtube&quot;,&quot;type&quot;:&quot;category&quot;},{&quot;has_live_shows&quot;:true,&quot;is_watched&quot;:false,&quot;new_icon&quot;:false,&quot;slug&quot;:&quot;instagram&quot;,&quot;title&quot;:&quot;Instagram&quot;,&quot;type&quot;:&quot;category&quot;},{&quot;has_live_shows&quot;:true,&quot;is_watched&quot;:false,&quot;new_icon&quot;:false,&quot;slug&quot;:&quot;english-speaking&quot;,&quot;title&quot;:&quot;English Speaking&quot;,&quot;type&quot;:&quot;category&quot;},{&quot;has_live_shows&quot;:true,&quot;is_watched&quot;:false,&quot;new_icon&quot;:false,&quot;slug&quot;:&quot;sarkari-kaam&quot;,&quot;title&quot;:&quot;Sarkari Kaam&quot;,&quot;type&quot;:&quot;category&quot;},{&quot;has_live_shows&quot;:true,&quot;is_watched&quot;:false,&quot;new_icon&quot;:false,&quot;slug&quot;:&quot;finance&quot;,&quot;title&quot;:&quot;Finance&quot;,&quot;type&quot;:&quot;category&quot;},{&quot;has_live_shows&quot;:true,&quot;is_watched&quot;:false,&quot;new_icon&quot;:false,&quot;slug&quot;:&quot;health&quot;,&quot;title&quot;:&quot;Health&quot;,&quot;type&quot;:&quot;category&quot;},{&quot;has_live_shows&quot;:true,&quot;is_watched&quot;:false,&quot;new_icon&quot;:false,&quot;slug&quot;:&quot;devotion&quot;,&quot;title&quot;:&quot;Devotion&quot;,&quot;type&quot;:&quot;category&quot;},{&quot;has_live_shows&quot;:true,&quot;is_watched&quot;:false,&quot;new_icon&quot;:false,&quot;slug&quot;:&quot;horror&quot;,&quot;title&quot;:&quot;Horror&quot;,&quot;type&quot;:&quot;category&quot;},{&quot;has_live_shows&quot;:true,&quot;is_watched&quot;:false,&quot;new_icon&quot;:false,&quot;slug&quot;:&quot;jobs-career&quot;,&quot;title&quot;:&quot;Career \u0026 Jobs&quot;,&quot;type&quot;:&quot;category&quot;},{&quot;has_live_shows&quot;:true,&quot;is_watched&quot;:false,&quot;new_icon&quot;:false,&quot;slug&quot;:&quot;crime&quot;,&quot;title&quot;:&quot;Crime&quot;,&quot;type&quot;:&quot;category&quot;},{&quot;has_live_shows&quot;:true,&quot;is_watched&quot;:false,&quot;new_icon&quot;:false,&quot;slug&quot;:&quot;technology&quot;,&quot;title&quot;:&quot;Mobile Tricks&quot;,&quot;type&quot;:&quot;category&quot;},{&quot;has_live_shows&quot;:true,&quot;is_watched&quot;:false,&quot;new_icon&quot;:false,&quot;slug&quot;:&quot;facts&quot;,&quot;title&quot;:&quot;Knowledge&quot;,&quot;type&quot;:&quot;category&quot;},{&quot;has_live_shows&quot;:true,&quot;is_watched&quot;:false,&quot;new_icon&quot;:false,&quot;slug&quot;:&quot;astrology&quot;,&quot;title&quot;:&quot;Astrology&quot;,&quot;type&quot;:&quot;category&quot;},{&quot;has_live_shows&quot;:true,&quot;is_watched&quot;:false,&quot;new_icon&quot;:false,&quot;slug&quot;:&quot;ai&quot;,&quot;title&quot;:&quot;AI&quot;,&quot;type&quot;:&quot;category&quot;},{&quot;has_live_shows&quot;:false,&quot;is_watched&quot;:false,&quot;new_icon&quot;:false,&quot;slug&quot;:&quot;online-earning-1&quot;,&quot;title&quot;:&quot;Success&quot;,&quot;type&quot;:&quot;category&quot;},{&quot;has_live_shows&quot;:true,&quot;is_watched&quot;:false,&quot;new_icon&quot;:false,&quot;slug&quot;:&quot;food&quot;,&quot;title&quot;:&quot;Food&quot;,&quot;type&quot;:&quot;category&quot;},{&quot;has_live_shows&quot;:true,&quot;is_watched&quot;:false,&quot;new_icon&quot;:false,&quot;slug&quot;:&quot;motivation&quot;,&quot;title&quot;:&quot;Motivation&quot;,&quot;type&quot;:&quot;category&quot;},{&quot;has_live_shows&quot;:true,&quot;is_watched&quot;:false,&quot;new_icon&quot;:false,&quot;slug&quot;:&quot;technology-1&quot;,&quot;title&quot;:&quot;Technology&quot;,&quot;type&quot;:&quot;category&quot;},{&quot;has_live_shows&quot;:true,&quot;is_watched&quot;:false,&quot;new_icon&quot;:false,&quot;slug&quot;:&quot;agriculture&quot;,&quot;title&quot;:&quot;Agriculture&quot;,&quot;type&quot;:&quot;category&quot;},{&quot;has_live_shows&quot;:true,&quot;is_watched&quot;:false,&quot;new_icon&quot;:false,&quot;slug&quot;:&quot;sales-marketing&quot;,&quot;title&quot;:&quot;Marketing&quot;,&quot;type&quot;:&quot;category&quot;},{&quot;has_live_shows&quot;:true,&quot;is_watched&quot;:false,&quot;new_icon&quot;:false,&quot;slug&quot;:&quot;automobile&quot;,&quot;title&quot;:&quot;Automobile&quot;,&quot;type&quot;:&quot;category&quot;},{&quot;has_live_shows&quot;:true,&quot;is_watched&quot;:false,&quot;new_icon&quot;:false,&quot;slug&quot;:&quot;startups&quot;,&quot;title&quot;:&quot;Startups&quot;,&quot;type&quot;:&quot;category&quot;},{&quot;has_live_shows&quot;:true,&quot;is_watched&quot;:false,&quot;new_icon&quot;:false,&quot;slug&quot;:&quot;editing&quot;,&quot;title&quot;:&quot;Editing&quot;,&quot;type&quot;:&quot;category&quot;},{&quot;has_live_shows&quot;:true,&quot;is_watched&quot;:false,&quot;new_icon&quot;:false,&quot;slug&quot;:&quot;history&quot;,&quot;title&quot;:&quot;History&quot;,&quot;type&quot;:&quot;category&quot;},{&quot;has_live_shows&quot;:true,&quot;is_watched&quot;:false,&quot;new_icon&quot;:false,&quot;slug&quot;:&quot;beauty&quot;,&quot;title&quot;:&quot;Beauty&quot;,&quot;type&quot;:&quot;category&quot;},{&quot;has_live_shows&quot;:true,&quot;is_watched&quot;:false,&quot;new_icon&quot;:false,&quot;slug&quot;:&quot;board-exam&quot;,&quot;title&quot;:&quot;Exam Prep&quot;,&quot;type&quot;:&quot;category&quot;},{&quot;has_live_shows&quot;:true,&quot;is_watched&quot;:false,&quot;new_icon&quot;:false,&quot;slug&quot;:&quot;computer&quot;,&quot;title&quot;:&quot;Computer&quot;,&quot;type&quot;:&quot;category&quot;},{&quot;has_live_shows&quot;:true,&quot;is_watched&quot;:false,&quot;new_icon&quot;:false,&quot;slug&quot;:&quot;coding&quot;,&quot;title&quot;:&quot;Coding&quot;,&quot;type&quot;:&quot;category&quot;},{&quot;has_live_shows&quot;:true,&quot;is_watched&quot;:false,&quot;new_icon&quot;:false,&quot;slug&quot;:&quot;lifestyle&quot;,&quot;title&quot;:&quot;Life Hacks&quot;,&quot;type&quot;:&quot;category&quot;},{&quot;has_live_shows&quot;:true,&quot;is_watched&quot;:false,&quot;new_icon&quot;:false,&quot;slug&quot;:&quot;facebook&quot;,&quot;title&quot;:&quot;Facebook&quot;,&quot;type&quot;:&quot;category&quot;},{&quot;has_live_shows&quot;:true,&quot;is_watched&quot;:false,&quot;new_icon&quot;:false,&quot;slug&quot;:&quot;fitness-gym&quot;,&quot;title&quot;:&quot;Fitness \u0026 Gym&quot;,&quot;type&quot;:&quot;category&quot;},{&quot;has_live_shows&quot;:true,&quot;is_watched&quot;:false,&quot;new_icon&quot;:false,&quot;slug&quot;:&quot;meditation&quot;,&quot;title&quot;:&quot;Wellness&quot;,&quot;type&quot;:&quot;category&quot;},{&quot;has_live_shows&quot;:true,&quot;is_watched&quot;:false,&quot;new_icon&quot;:false,&quot;slug&quot;:&quot;photography-1&quot;,&quot;title&quot;:&quot;Photography&quot;,&quot;type&quot;:&quot;category&quot;},{&quot;has_live_shows&quot;:true,&quot;is_watched&quot;:false,&quot;new_icon&quot;:false,&quot;slug&quot;:&quot;math&quot;,&quot;title&quot;:&quot;Math&quot;,&quot;type&quot;:&quot;category&quot;},{&quot;has_live_shows&quot;:true,&quot;is_watched&quot;:false,&quot;new_icon&quot;:false,&quot;slug&quot;:&quot;ramayan&quot;,&quot;title&quot;:&quot;Ramayan&quot;,&quot;type&quot;:&quot;category&quot;}],&quot;track_id&quot;:51}</string>
    <string name="install_referrer_data"></string>
    <string name="network_operator_name"></string>
    <string name="user">{&quot;app_language&quot;:&quot;hi&quot;,&quot;avatar&quot;:&quot;https://images.seekhoapp.com/user/320x320/79222514c511467298166f216f9a326duser.jpeg&quot;,&quot;current_plan_type&quot;:&quot;monthly&quot;,&quot;email&quot;:&quot;basheerafiya6@gmail.com&quot;,&quot;id&quot;:124484439,&quot;is_admin&quot;:false,&quot;is_premium&quot;:true,&quot;is_quality_approved&quot;:false,&quot;is_self&quot;:true,&quot;n_coins&quot;:0,&quot;n_followers&quot;:0,&quot;n_following&quot;:0,&quot;n_series&quot;:0,&quot;n_units&quot;:0,&quot;n_videos&quot;:0,&quot;n_views&quot;:0,&quot;name&quot;:&quot;GURKEERAT SINGH&quot;,&quot;new_user&quot;:false,&quot;onboarding_pending&quot;:false,&quot;phone&quot;:&quot;+919266767332&quot;,&quot;pos&quot;:-1,&quot;short_link&quot;:&quot;&quot;,&quot;status&quot;:&quot;Learning New things &quot;,&quot;user_persona&quot;:&quot;Learner&quot;,&quot;whatsapp_allowed&quot;:false}</string>
    <string name="config">{&quot;app_url&quot;:&quot;https://play.google.com/store/apps/details?id\u003dcom.seekho.android&quot;,&quot;campaign_uri&quot;:&quot;appsflyer_app_id://com.seekho.android/self growth.&quot;,&quot;default_coupon_code&quot;:&quot;DEFAULT&quot;,&quot;enable_course_for_you_tab&quot;:false,&quot;enable_festival_offers&quot;:false,&quot;enable_freshchat&quot;:true,&quot;enable_learning_journey_search&quot;:false,&quot;enable_mandar_paywall_image&quot;:false,&quot;enable_multi_language&quot;:true,&quot;enable_nugget_ai&quot;:false,&quot;is_series_new_lock_icon_enabled&quot;:false,&quot;enable_refresh_recommendation&quot;:false,&quot;enable_voice_search&quot;:false,&quot;freshchat_bot_tag&quot;:&quot;app_conversations&quot;,&quot;hide_home_tabs&quot;:true,&quot;hide_language_selection_screen&quot;:false,&quot;hide_like_dislike&quot;:false,&quot;hide_signup_paywall&quot;:false,&quot;is_bottom_player_enabled&quot;:true,&quot;is_category_page_redesign_enabled&quot;:false,&quot;is_free_video_shortcut_enabled&quot;:false,&quot;enable_home_language_dropdown&quot;:false,&quot;trial_signup_paywall_without_faq&quot;:false,&quot;is_pip_allowed&quot;:true,&quot;is_portrait_paywall_enabled&quot;:false,&quot;is_profile_page_new_layout_enabled&quot;:false,&quot;is_search_shortcut_enabled&quot;:false,&quot;is_seekho_ai_live&quot;:false,&quot;new_tab_count&quot;:42,&quot;prioritize_festival_offers&quot;:false,&quot;show_app_paywalls&quot;:false,&quot;show_chat_widget&quot;:true,&quot;show_content_preview_paywall&quot;:false,&quot;show_explore_in_search&quot;:true,&quot;show_feedback_button&quot;:true,&quot;show_for_you_tab&quot;:false,&quot;show_gender_selection&quot;:false,&quot;show_horizontal_tab_in_library&quot;:false,&quot;show_in_app_rating_popup&quot;:true,&quot;show_user_library_tab&quot;:true,&quot;show_new_tab&quot;:true,&quot;user_onboarding_enabled&quot;:false,&quot;show_popup_paywall_on_series&quot;:false,&quot;show_premium_discount_strip&quot;:false,&quot;show_premium_tab&quot;:false,&quot;show_search_bar_in_home&quot;:false,&quot;show_trial_plan_paywall&quot;:false,&quot;show_age_consent_popup&quot;:false,&quot;user_preferred_billing&quot;:false}</string>
</map>
