<?xml version='1.0' encoding='utf-8' standalone='yes' ?>
<map>
    <boolean name="measurement_enabled_from_api" value="true" />
    <long name="first_open_time" value="1755018086321" />
    <string name="gmp_app_id">1:636813832662:android:6ee1faecedb3b1dbfc7477</string>
    <string name="app_instance_id">4c77d2cdd250697a63a0a6c06a05ad0b</string>
    <long name="session_id" value="1755018086" />
    <boolean name="app_backgrounded" value="true" />
    <long name="health_monitor:start" value="1755018086559" />
    <boolean name="use_service" value="true" />
    <boolean name="deferred_analytics_collection" value="false" />
    <string name="previous_os_version">12</string>
    <boolean name="measurement_enabled" value="true" />
    <boolean name="has_been_opened" value="true" />
    <boolean name="allow_remote_dynamite" value="true" />
    <long name="last_pause_time" value="1755018105086" />
    <boolean name="start_new_session" value="false" />
</map>
