<?xml version='1.0' encoding='utf-8' standalone='yes' ?>
<map>
    <long name="com.facebook.appevents.SessionInfo.sessionStartTime" value="1766727729699" />
    <long name="com.facebook.appevents.SessionInfo.sessionEndTime" value="1766727744367" />
    <boolean name="bg_startup_tracing" value="false" />
    <int name="com.encdata.Teamxpros.classes.originalInstallVersionCode" value="240011251" />
    <string name="com.facebook.appevents.UserDataStore.internalUserData">{&quot;r2&quot;:&quot;c9194926fdd9fcfba3d32b73074b0a1e086e7bb4abed82c6c748cd6ecc3a9bec,91dfaf0066437e6d959394b67f05e85dbada9334d8b5d8bbc0a6d02e3a3ada84&quot;}</string>
    <int name="com.facebook.appevents.SessionInfo.interruptionCount" value="0" />
    <int name="com.encdata.missl.classes.originalInstallVersionCode" value="240011304" />
    <long name="com.encdata.Teamxpros.classes.cloneTimestamp" value="1742654211282" />
    <long name="com.encdata.missl.classes.cloneTimestamp" value="1766134194758" />
    <string name="com.facebook.appevents.SessionInfo.sessionId">cea50601-5ee3-4e56-9055-343f0abef867</string>
</map>
