<?xml version='1.0' encoding='utf-8' standalone='yes' ?>
<map>
    <long name="com.facebook.appevents.SessionInfo.sessionStartTime" value="1768457881852" />
    <long name="com.facebook.appevents.SessionInfo.sessionEndTime" value="1768457886061" />
    <string name="com.facebook.appevents.UserDataStore.internalUserData">{&quot;r2&quot;:&quot;5c31af1a4126037f4b3bd20495977800da6c29965419cbfeac908f431b42b195&quot;}</string>
    <int name="com.facebook.appevents.SessionInfo.interruptionCount" value="0" />
    <int name="com.encdata.missl.classes.originalInstallVersionCode" value="240011304" />
    <long name="com.encdata.missl.classes.cloneTimestamp" value="1766134194758" />
    <string name="com.facebook.appevents.SessionInfo.sessionId">82fd1b88-4668-49a5-8317-58d88b240510</string>
</map>
