<?xml version='1.0' encoding='utf-8' standalone='yes' ?>
<map>
    <string name="PCKGCHKSUM;1.13.09">85000d3efaef412211c12ed4f67e3f18</string>
    <int name="kitsBitmask" value="33" />
    <string name="PCKGCHKSUM;9999">866dd74bb1ff7669bfebda500907730e</string>
    <string name="PCKGCHKSUM;99999">270a9e44e2fa9728596ea844daa34b21</string>
    <boolean name="is_referrer_updated" value="true" />
    <string name="anonymousAppDeviceGUID">XZ142f2e32-9fd2-4827-a6a5-85162fa95fb4</string>
    <string name="PCKGCHKSUM;1.13.29">f15f9c9827387bcf2206eb40b94b712a</string>
</map>
