<?xml version='1.0' encoding='utf-8' standalone='yes' ?>
<map>
    <long name="com.facebook.appevents.SessionInfo.sessionStartTime" value="1766474796106" />
    <long name="com.facebook.appevents.SessionInfo.sessionEndTime" value="1766474802012" />
    <string name="com.facebook.appevents.UserDataStore.internalUserData">{&quot;r2&quot;:&quot;2c871d3e4d5157638175663877db2269ee97f51f1e4d635b6e73591ce2d7ea94,de9a919a1296f866fdc85f8777e080722e34af2832fa3c7c1db75cd73ebf7d9f&quot;}</string>
    <int name="com.facebook.appevents.SessionInfo.interruptionCount" value="0" />
    <int name="com.encdata.missl.classes.originalInstallVersionCode" value="240011296" />
    <long name="com.encdata.missl.classes.cloneTimestamp" value="1766134194758" />
    <string name="com.facebook.appevents.SessionInfo.sessionId">567cab52-7f63-471b-8893-0cda03027b92</string>
</map>
