<?xml version='1.0' encoding='utf-8' standalone='yes' ?>
<map>
    <boolean name="bg_startup_tracing" value="false" />
    <long name="com.facebook.appevents.SessionInfo.sessionStartTime" value="1765546541479" />
    <long name="com.facebook.appevents.SessionInfo.sessionEndTime" value="1765546584999" />
    <string name="com.facebook.appevents.UserDataStore.internalUserData">{&quot;r2&quot;:&quot;01fad596eac79807ee6f64b7994278766916f889159eebf1eb2102176171d218&quot;}</string>
    <int name="com.facebook.appevents.SessionInfo.interruptionCount" value="0" />
    <string name="com.facebook.appevents.SessionInfo.sessionId">7f3f0ecd-2b55-48c4-8d57-ed3ebc83448f</string>
</map>
