<?xml version='1.0' encoding='utf-8' standalone='yes' ?>
<map>
    <long name="com.facebook.appevents.SessionInfo.sessionStartTime" value="1767587896360" />
    <long name="com.facebook.appevents.SessionInfo.sessionEndTime" value="1767587902603" />
    <string name="com.facebook.appevents.UserDataStore.internalUserData">{&quot;r2&quot;:&quot;59fda737dc712348a870a0c6dc4511f57e507a17ed1e06200c9f65cc506bc3ee&quot;}</string>
    <int name="com.facebook.appevents.SessionInfo.interruptionCount" value="0" />
    <int name="com.encdata.missl.classes.originalInstallVersionCode" value="240011304" />
    <long name="com.encdata.missl.classes.cloneTimestamp" value="1766134194758" />
    <string name="com.facebook.appevents.SessionInfo.sessionId">c69cbf8f-2291-46fb-8cd9-e8246fc1ce9c</string>
</map>
