<?xml version='1.0' encoding='utf-8' standalone='yes' ?>
<map>
    <boolean name="measurement_enabled_from_api" value="true" />
    <long name="first_open_time" value="1766133167266" />
    <string name="gmp_app_id">1:636813832662:android:6ee1faecedb3b1dbfc7477</string>
    <string name="app_instance_id">0859c98c38dc04bb79e6a23b8b5fdc0c</string>
    <long name="session_id" value="1766474795" />
    <boolean name="app_backgrounded" value="true" />
    <long name="health_monitor:start" value="1766474795573" />
    <boolean name="use_service" value="true" />
    <boolean name="deferred_analytics_collection" value="false" />
    <string name="previous_os_version">13</string>
    <boolean name="measurement_enabled" value="true" />
    <boolean name="has_been_opened" value="true" />
    <boolean name="allow_remote_dynamite" value="true" />
    <long name="last_pause_time" value="1766474802020" />
    <boolean name="start_new_session" value="false" />
</map>
