<?xml version='1.0' encoding='utf-8' standalone='yes' ?>
<map>
    <long name="com.facebook.appevents.SessionInfo.sessionStartTime" value="1764908335304" />
    <long name="com.facebook.appevents.SessionInfo.sessionEndTime" value="1764908350916" />
    <boolean name="bg_startup_tracing" value="false" />
    <string name="com.facebook.appevents.UserDataStore.internalUserData">{&quot;r2&quot;:&quot;98162dc66c876e97848f3d020ca0be502dbc712c9f38825b71678f87c0d384a4&quot;}</string>
    <int name="com.facebook.appevents.SessionInfo.interruptionCount" value="0" />
    <string name="com.facebook.appevents.SessionInfo.sessionId">330b265c-6687-48c6-a0fb-568fd06959cf</string>
</map>
