<?xml version='1.0' encoding='utf-8' standalone='yes' ?>
<map>
    <long name="com.facebook.appevents.SessionInfo.sessionStartTime" value="1755238205026" />
    <long name="com.facebook.appevents.SessionInfo.sessionEndTime" value="1755238213747" />
    <boolean name="bg_startup_tracing" value="false" />
    <int name="com.facebook.appevents.SessionInfo.interruptionCount" value="0" />
    <int name="com.encdata.missl.classes.originalInstallVersionCode" value="240011294" />
    <long name="com.encdata.missl.classes.cloneTimestamp" value="1750904036468" />
    <string name="com.facebook.appevents.SessionInfo.sessionId">653063c3-5e6b-4f85-aef4-162d1e3b2f02</string>
</map>
