<?xml version='1.0' encoding='utf-8' standalone='yes' ?>
<map>
    <string name="vivo/V2513i/V2513:15/AP3A.240905.015.A2_V000L1/compiler251104183919:user/release-keys;1.12.87">516bd48cb0dc1adc9a748aead6541a41</string>
    <string name="deviceIdHash">4a081e81-1a9c-4df8-8195-3aa047f4b670</string>
    <string name="samsung/m51nsxx/m51:12/SP1A.210812.016/M515FXXS6DXE3:user/release-keys;1.12.87">22efd8d7bf4a228f98d8356a2d4d1168</string>
    <string name="LAST_SAVED_LOCALE">en</string>
    <int name="AppMinSdkVersion" value="24" />
</map>
