<?xml version='1.0' encoding='utf-8' standalone='yes' ?>
<map>
    <string name="vivo/V2513i/V2513:15/AP3A.240905.015.A2_V000L1/compiler251104183919:user/release-keys;1.12.87">7d88f6981b4febd8d7aa20c55134c814</string>
    <string name="deviceIdHash">585a9b74-93fd-401c-acb3-c67abb8cda24</string>
    <string name="samsung/m51nsxx/m51:12/SP1A.210812.016/M515FXXS6DXE3:user/release-keys;1.12.87">06ded075a61693c14ea016a00f138ac3</string>
    <string name="LAST_SAVED_LOCALE">en</string>
    <int name="AppMinSdkVersion" value="24" />
</map>
