<?xml version='1.0' encoding='utf-8' standalone='yes' ?>
<map>
    <set name="fire-installations/18.0.0 fire-cls/19.1.0 fire-rc/22.0.0 fire-dl/22.1.0 fire-abt/21.1.1 fire-core/21.0.0 fire-vertex/16.2.0 fire-android/31 device-model/a30e57349970d44b fire-core-ktx/21.0.0 fire-sessions/2.0.4 android-platform/ device-name/bebc8f61253ed59a fire-transport/19.0.0 fire-dl-ktx/22.1.0 kotlin/2.0.21 android-min-sdk/24 fire-auth/23.0.0 device-brand/99e7b03b80bb82f2 android-installer/com.android.vending fire-perf/21.0.1 fire-analytics/22.1.0 fire-analytics-ktx/22.1.0 fire-cfg-ktx/22.0.0 fire-fcm/24.0.1 android-target-sdk/27">
        <string>2026-01-15</string>
    </set>
    <long name="fire-count" value="1" />
    <string name="last-used-date">2026-01-15</string>
    <long name="fire-global" value="1768456176576" />
</map>
