<?xml version='1.0' encoding='utf-8' standalone='yes' ?>
<map>
    <string name="last-used-date">2025-11-29</string>
    <set name="fire-installations/18.0.0 fire-cls/19.1.0 fire-rc/22.0.0 fire-dl/22.1.0 device-brand/samsung fire-abt/21.1.1 fire-core/21.0.0 fire-vertex/16.2.0 fire-android/31 fire-core-ktx/21.0.0 fire-sessions/2.0.4 android-platform/ fire-transport/19.0.0 fire-dl-ktx/22.1.0 android-min-sdk/26 device-name/m51nsxx fire-auth/23.0.0 kotlin/2.2.20 android-installer/com.android.vending fire-perf/21.0.1 fire-analytics/22.1.0 fire-analytics-ktx/22.1.0 fire-fcm/24.0.1 fire-cfg-ktx/22.0.0 android-target-sdk/27 device-model/m51">
        <string>2025-11-29</string>
    </set>
    <long name="fire-count" value="1" />
    <long name="fire-global" value="1764396766525" />
</map>
