{"Fid":"e7k-AraHRv2lNiTwovdm_4","Status":3,"AuthToken":"eyJhbGciOiJFUzI1NiIsInR5cCI6IkpXVCJ9.eyJhcHBJZCI6IjE6ODc2MzMzMzcxNTk2OmFuZHJvaWQ6OTJlMjQzNjFhNmE0YWIzY2Y4MzI2OSIsImV4cCI6MTc2NjU0NjM4MCwiZmlkIjoiZTdrLUFyYUhSdjJsTmlUd292ZG1fNCIsInByb2plY3ROdW1iZXIiOjg3NjMzMzM3MTU5Nn0.AB2LPV8wRAIgOG_7_m4P6GpbL56DMZBwTPWClp2z5gabzWrndEHjQMMCIEcsSp0kpElsAJOKeQzDfVc40iSmtRlv4g_fm6SnFV1x","RefreshToken":"3_AS3qfwL8JZCK09N1b0IWx-cM83QaPp5C0kG8Spp7sIJWEmP-8FROrQNwFKPTHswz3hiBdOuceox5Q2gJI-Moxh6TwwDaDsUHwzoqp7v1PLPlfd8","TokenCreationEpochInSecs":1765941580,"ExpiresInSecs":604800}