{"Fid":"dF3lN2mcQwmL8Bfv9WuPs9","Status":3,"AuthToken":"eyJhbGciOiJFUzI1NiIsInR5cCI6IkpXVCJ9.eyJhcHBJZCI6IjE6ODc2MzMzMzcxNTk2OmFuZHJvaWQ6OTJlMjQzNjFhNmE0YWIzY2Y4MzI2OSIsImV4cCI6MTc2NjczNzk2OSwiZmlkIjoiZEYzbE4ybWNRd21MOEJmdjlXdVBzOSIsInByb2plY3ROdW1iZXIiOjg3NjMzMzM3MTU5Nn0.AB2LPV8wRQIhAMnL4XZBpFaFPGWqWDYQhV0tV--XBn2CViMQkQLepI9WAiAxfrU4r9hl0ZzVFSmkvIDdKzSKYzOztxq53TweH8P0vQ","RefreshToken":"3_AS3qfwLLJ01LaprES0MxIw67uCh5lJz6u4GGlghXbCsUqKzWVf0pMB0IGSY3RwWi2uZ4LgpNOK9Dp7FRbuTyi8nC8fuXKSfWwtV8ZGeh4ZW_kV4","TokenCreationEpochInSecs":1766133169,"ExpiresInSecs":604800}