{"Fid":"cRDwPPXvTRG6bNoiW770-M","Status":3,"AuthToken":"eyJhbGciOiJFUzI1NiIsInR5cCI6IkpXVCJ9.eyJhcHBJZCI6IjE6NjM2ODEzODMyNjYyOmFuZHJvaWQ6NmVlMWZhZWNlZGIzYjFkYmZjNzQ3NyIsImV4cCI6MTc2NjE1MTM0MSwiZmlkIjoiY1JEd1BQWHZUUkc2Yk5vaVc3NzAtTSIsInByb2plY3ROdW1iZXIiOjYzNjgxMzgzMjY2Mn0.AB2LPV8wRQIhAMXV7RzUNSXHiHJ97gs7VmMlaVMo3s9zgfShH5fp7XOjAiBtSCqZfLkf_QbtHepUFANfaEEwt_32qezRVUXvSufGsQ","RefreshToken":"3_AS3qfwK1jsyr0zGrXisbXf87aiWRnffS-b2RTRvcJ_KMPn3v1BI3Ty0kSWJefCMYkHEG7NgTGoj7Y1jB4zECfI0viCZgyi9NVf2AqIX5lOPa9PI","TokenCreationEpochInSecs":1765546541,"ExpiresInSecs":604800}