{"Fid":"dD59jv0TRcu5DHYwH6nn1o","Status":3,"AuthToken":"eyJhbGciOiJFUzI1NiIsInR5cCI6IkpXVCJ9.eyJhcHBJZCI6IjE6NjM2ODEzODMyNjYyOmFuZHJvaWQ6NmVlMWZhZWNlZGIzYjFkYmZjNzQ3NyIsImV4cCI6MTc2Nzc2MDEwOSwiZmlkIjoiZEQ1OWp2MFRSY3U1REhZd0g2bm4xbyIsInByb2plY3ROdW1iZXIiOjYzNjgxMzgzMjY2Mn0.AB2LPV8wRQIhAKOBDZwTwX3RjicaDWSKmjDcOlg74-mrDPxmq58drzFrAiBIolfJ6RgLZXiUPTi5212VU3VKGvayfx5cLY6-l5fACA","RefreshToken":"3_AS3qfwJtayfFo1xywXusL3oVADY8JUN0GnsOepj5vy1dlbEViREG8AMUVR9PniqyhGCdtvMcFNHhO8HvshNZW34N6hulI2bFv8YS8HIRxb1ktWQ","TokenCreationEpochInSecs":1767155309,"ExpiresInSecs":604800}