{"Fid":"e7Fzv1QCSuavXseaWRwXCQ","Status":3,"AuthToken":"eyJhbGciOiJFUzI1NiIsInR5cCI6IkpXVCJ9.eyJhcHBJZCI6IjE6ODc2MzMzMzcxNTk2OmFuZHJvaWQ6OTJlMjQzNjFhNmE0YWIzY2Y4MzI2OSIsImV4cCI6MTc3MDE4MDUxNSwiZmlkIjoiZTdGenYxUUNTdWF2WHNlYVdSd1hDUSIsInByb2plY3ROdW1iZXIiOjg3NjMzMzM3MTU5Nn0.AB2LPV8wRQIhALius6KPuVsM7sjQVyvO1XxOc07NC-WZbonEi1QKWDh5AiAEQHS5G0jRwwqhH5oMniMjGYAnG0ZVprBUoxM_ZVXcEQ","RefreshToken":"3_AS3qfwIKSiPqEZLZ5XX5ixxXA95iBBWJQg1sjgZ4ol_JCeO6xNSC5cUR_M-kjxzEFljgQnO24ibyNSSTvIZie0rCEc-kT6wAWk3LsK9Yc7cGfMk","TokenCreationEpochInSecs":1769575717,"ExpiresInSecs":604800}