{"Fid":"d8epn2kqQWSUks6jy1DZZC","Status":3,"AuthToken":"eyJhbGciOiJFUzI1NiIsInR5cCI6IkpXVCJ9.eyJhcHBJZCI6IjE6ODc2MzMzMzcxNTk2OmFuZHJvaWQ6OTJlMjQzNjFhNmE0YWIzY2Y4MzI2OSIsImV4cCI6MTc1NTg0MzAwNSwiZmlkIjoiZDhlcG4ya3FRV1NVa3M2ankxRFpaQyIsInByb2plY3ROdW1iZXIiOjg3NjMzMzM3MTU5Nn0.AB2LPV8wRQIgZqyyyuJpbgjZV0fxSWFL0OuDEORMSxQQZ7dOSYcXS9MCIQCcdIlmooB58XOcedKzqb1Kh2ThqEEFj35UMJqIAtGfAQ","RefreshToken":"3_AS3qfwK6zFNyZeQU0NzAKAGLtQjEifBDXbR6PtluPTEY66c0ZntOJBHKrtZYh3Kg8R2JeLRiYRqzHQ0ApUmgzvWk2HSV3EoolfQ_K04W9sd9INs","TokenCreationEpochInSecs":1755238205,"ExpiresInSecs":604800}