{"Fid":"cPvwD0ylSvuYn-NTkPViUO","Status":3,"AuthToken":"eyJhbGciOiJFUzI1NiIsInR5cCI6IkpXVCJ9.eyJhcHBJZCI6IjE6NjM2ODEzODMyNjYyOmFuZHJvaWQ6NmVlMWZhZWNlZGIzYjFkYmZjNzQ3NyIsImV4cCI6MTc2NzAyMDM1MCwiZmlkIjoiY1B2d0QweWxTdnVZbi1OVGtQVmlVTyIsInByb2plY3ROdW1iZXIiOjYzNjgxMzgzMjY2Mn0.AB2LPV8wRgIhAIAir4Lwum-EFrxrj7IaHLyo6_KtfuVkT9GvJ2g9aNC4AiEAic3XTk3Lo3OKlLputpVrKhJ4JuCEdRlAYB6EIwO3dN0","RefreshToken":"3_AS3qfwIQ4n3Kt-oH7SrKK9HkQWfrH3ipbqOhg-OEKESz7pOzphcKWxmVBHt4T38D5sGwdvpjNC6cwLXDOo4MZLMLpjYzhcZcrO5dPifFu4uaFQ","TokenCreationEpochInSecs":1766415548,"ExpiresInSecs":604800}