{"Fid":"di_uHdM_Qt2kvx2fribHJx","Status":3,"AuthToken":"eyJhbGciOiJFUzI1NiIsInR5cCI6IkpXVCJ9.eyJhcHBJZCI6IjE6NjM2ODEzODMyNjYyOmFuZHJvaWQ6NmVlMWZhZWNlZGIzYjFkYmZjNzQ3NyIsImV4cCI6MTc2OTA2MDE4NSwiZmlkIjoiZGlfdUhkTV9RdDJrdngyZnJpYkhKeCIsInByb2plY3ROdW1iZXIiOjYzNjgxMzgzMjY2Mn0.AB2LPV8wRQIgC4sUDlkyHF6AzZhS2NTq1mVaWDKUXwvBZQOdiudQzQ4CIQDkpai0l2Vvm5Q4AdvEV1MX3vnPs6VCH7VLKR4XGS_Zig","RefreshToken":"3_AS3qfwKa244fW-yFcyri9WdkWu_GhWGBkA-sOTuyMOZp2MjQCuyQBJ4oJtnYZKI2V_uM7hwohgPDGSo-V0whpiZmz87XDtXWZfU2cF_f8lnuRcc","TokenCreationEpochInSecs":1768455385,"ExpiresInSecs":604800}