{"Fid":"fetCXYfLTWintIOrR_nDhT","Status":3,"AuthToken":"eyJhbGciOiJFUzI1NiIsInR5cCI6IkpXVCJ9.eyJhcHBJZCI6IjE6NjM2ODEzODMyNjYyOmFuZHJvaWQ6NmVlMWZhZWNlZGIzYjFkYmZjNzQ3NyIsImV4cCI6MTc2NDE1OTcyMiwiZmlkIjoiZmV0Q1hZZkxUV2ludElPclJfbkRoVCIsInByb2plY3ROdW1iZXIiOjYzNjgxMzgzMjY2Mn0.AB2LPV8wRgIhAJZ5YY7V9AOPyF17YKFfgsOUBsUu1_bUZO8rnwrEraFmAiEAlb0dSjb4SLnEGKvI1c-2m9JxGgdCSDWKytOKeVvuWcI","RefreshToken":"3_AS3qfwJNmV2UA5-Eg3nQx2umOEWQUctvi4odmcdt4EUW7TM6f2RV_fe5ZTpgDGthBhvyH2G7BtN2eYgCu3bN0P9MRrCsjrvUXpq-nA4bdwfLrkA","TokenCreationEpochInSecs":1763554922,"ExpiresInSecs":604800}