{"Fid":"fVxYUI1VQ2aC87Vd8fZSrn","Status":3,"AuthToken":"eyJhbGciOiJFUzI1NiIsInR5cCI6IkpXVCJ9.eyJhcHBJZCI6IjE6ODc2MzMzMzcxNTk2OmFuZHJvaWQ6OTJlMjQzNjFhNmE0YWIzY2Y4MzI2OSIsImV4cCI6MTc2MjkyODc2NiwiZmlkIjoiZlZ4WVVJMVZRMmFDODdWZDhmWlNybiIsInByb2plY3ROdW1iZXIiOjg3NjMzMzM3MTU5Nn0.AB2LPV8wRQIgbAYbrJAZxaLZe46uPUdtvCmVNIIF085aorL5O2Txo9ACIQDQG2DYlrXFRnu0TESURFdm2areRI0iGMod55Yi_SjU2w","RefreshToken":"3_AS3qfwJg8vxk83c75cCMBY7X4r_8CJ79ONnU_iBo6rx1kEo00j9pk2LHAzHKnTC9O3Q7Y2-Zq9Iucxx-BvOOvkT_krsXXtLTQ3v5d-1Y7DyRSQ","TokenCreationEpochInSecs":1762323966,"ExpiresInSecs":604800}