{"Fid":"eKndKnYaSGCtqidQPHqDdu","Status":3,"AuthToken":"eyJhbGciOiJFUzI1NiIsInR5cCI6IkpXVCJ9.eyJhcHBJZCI6IjE6NjM2ODEzODMyNjYyOmFuZHJvaWQ6NmVlMWZhZWNlZGIzYjFkYmZjNzQ3NyIsImV4cCI6MTc1NTYyMjg4NywiZmlkIjoiZUtuZEtuWWFTR0N0cWlkUVBIcURkdSIsInByb2plY3ROdW1iZXIiOjYzNjgxMzgzMjY2Mn0.AB2LPV8wRgIhAOCFOh8Evfn3WqzgSiEmZzDyVA7LiuUUnI5fnHV9dnzbAiEA469KLBwRXjrCDwAM2oKlGIdf4AF4d_muTq_bGSGzTQA","RefreshToken":"3_AS3qfwJawrdffkcp0Nx25LpoAk7xC1zK4n1vJxjrjXOhA-_zY7CQyQaLZIQOtThjHWzka6jJ8Q4HkCPhgxqA4lAxzNt3rG7hn8H_hMnA6URLkGM","TokenCreationEpochInSecs":1755018086,"ExpiresInSecs":604800}