{"Fid":"ciETgFZXT46vg3SEb6ytRR","Status":3,"AuthToken":"eyJhbGciOiJFUzI1NiIsInR5cCI6IkpXVCJ9.eyJhcHBJZCI6IjE6NjM2ODEzODMyNjYyOmFuZHJvaWQ6NmVlMWZhZWNlZGIzYjFkYmZjNzQ3NyIsImV4cCI6MTc2NjczNzk2OSwiZmlkIjoiY2lFVGdGWlhUNDZ2ZzNTRWI2eXRSUiIsInByb2plY3ROdW1iZXIiOjYzNjgxMzgzMjY2Mn0.AB2LPV8wRgIhAIhojWzt5nHy3Y8obY7NvNYATyZGpbcZYj34x0H_hCCpAiEAhkNS25TO7fXdrKXnFw42iP_VDs_FUeVI1MG8YQDL6TU","RefreshToken":"3_AS3qfwIkenz2rzJFvRpuKi1fcjzcabr8yZwhwCRHLac3LqGMszF_4hjAEIE1Wyvj8AmpljZ1cFcxWVJ4TkuQmiyBLLnEFVt43i2XvyIz2AKM-A","TokenCreationEpochInSecs":1766133168,"ExpiresInSecs":604800}