{"Fid":"eY-oPcmdSNujnMX-OLZp9m","Status":3,"AuthToken":"eyJhbGciOiJFUzI1NiIsInR5cCI6IkpXVCJ9.eyJhcHBJZCI6IjE6NjM2ODEzODMyNjYyOmFuZHJvaWQ6NmVlMWZhZWNlZGIzYjFkYmZjNzQ3NyIsImV4cCI6MTc2NjU0NjM4MCwiZmlkIjoiZVktb1BjbWRTTnVqbk1YLU9MWnA5bSIsInByb2plY3ROdW1iZXIiOjYzNjgxMzgzMjY2Mn0.AB2LPV8wRAIgCEisTAIzrQkQnhgM2eqcIlSfiwt0qpLWnFcatXOWCOECIB_F5I7YG18FF78ZVh76TkYTbfgEMCT4XjMwj-J_F-KW","RefreshToken":"3_AS3qfwJQXCqVrBNKANX0ceDAUc0aGxGa8DiWY0T7QUFW_3CtoTNrqtJzvUBX5dAnrak6HpBiebADIuhXe07X7fvsSiGjwMlm7L5lfTWQNejF1Q","TokenCreationEpochInSecs":1765941580,"ExpiresInSecs":604800}