{"Fid":"ew-w3PfvQwOO7ZpMA61v6K","Status":3,"AuthToken":"eyJhbGciOiJFUzI1NiIsInR5cCI6IkpXVCJ9.eyJhcHBJZCI6IjE6ODc2MzMzMzcxNTk2OmFuZHJvaWQ6OTJlMjQzNjFhNmE0YWIzY2Y4MzI2OSIsImV4cCI6MTc1NTYyMjg4NywiZmlkIjoiZXctdzNQZnZRd09PN1pwTUE2MXY2SyIsInByb2plY3ROdW1iZXIiOjg3NjMzMzM3MTU5Nn0.AB2LPV8wRgIhAOV1uJcSIZVPJHGzVYHIFGxkSpFLyYZBMqAR12XYEHqwAiEA-73s1ciY8xjwCeJb79HML_csCvJi-_kaMRxUXgpih5Q","RefreshToken":"3_AS3qfwJPkKpi65olwGHB1UloFCqXQjUdyTko1nFEyLP-10D-eVF-blXcGPsCYyYHnOLf-sx3IIbQbQvw4BpAKS9aQK6FUjZ0kvo_eS1Br8N2kqk","TokenCreationEpochInSecs":1755018087,"ExpiresInSecs":604800}