{"Fid":"eX_2oa6KTpuAo0_Hw4uz7u","Status":3,"AuthToken":"eyJhbGciOiJFUzI1NiIsInR5cCI6IkpXVCJ9.eyJhcHBJZCI6IjE6NjM2ODEzODMyNjYyOmFuZHJvaWQ6NmVlMWZhZWNlZGIzYjFkYmZjNzQ3NyIsImV4cCI6MTc2NTAwMTU2MywiZmlkIjoiZVhfMm9hNktUcHVBbzBfSHc0dXo3dSIsInByb2plY3ROdW1iZXIiOjYzNjgxMzgzMjY2Mn0.AB2LPV8wRQIgTiqaxH7kiCVgG_URslfUtZ6Rd4wmUhDN28Mx8QVNat8CIQChBgQyr8cNOeFXCt7G53-WWosP6iKdXWDrPuNi8MVYLQ","RefreshToken":"3_AS3qfwK8qcTJQScoaUMuIaZD_AQ4oQvbpK5Ru6ZfwdjSJeAlw9y0S_FKpgKnFVNxKMEYHFksVkV1GF6gyBlEs0IsQhwbqJpeu6orE_RukXaAyno","TokenCreationEpochInSecs":1764396764,"ExpiresInSecs":604800}