{"Fid":"clGZDus7Tcy5HRe98oy-Ku","Status":3,"AuthToken":"eyJhbGciOiJFUzI1NiIsInR5cCI6IkpXVCJ9.eyJhcHBJZCI6IjE6ODc2MzMzMzcxNTk2OmFuZHJvaWQ6OTJlMjQzNjFhNmE0YWIzY2Y4MzI2OSIsImV4cCI6MTc2NTUxMzEzNSwiZmlkIjoiY2xHWkR1czdUY3k1SFJlOThveS1LdSIsInByb2plY3ROdW1iZXIiOjg3NjMzMzM3MTU5Nn0.AB2LPV8wRQIgArPfcUEHBah4oGQlK9AUWqIbC--G1mZRYL2uK5JX_aoCIQD1ueO60u-L5MW18Iv3M5zZK2T_-BK9AEZMW2PRHyEQNQ","RefreshToken":"3_AS3qfwKrSXegM65XLTIo6vGS45nIrvOXvkOHbLqcoFDavSR4Y80HmFkzCvePTx-bwJtP45zxHmJ9ExJnHs39M4sogeTu3iyBPp3h9aZdl1KNX3Y","TokenCreationEpochInSecs":1764908336,"ExpiresInSecs":604800}