{"Fid":"epKf_T8-Rp2bHppP0kWxrz","Status":3,"AuthToken":"eyJhbGciOiJFUzI1NiIsInR5cCI6IkpXVCJ9.eyJhcHBJZCI6IjE6ODc2MzMzMzcxNTk2OmFuZHJvaWQ6OTJlMjQzNjFhNmE0YWIzY2Y4MzI2OSIsImV4cCI6MTc2NjE1MTMyNywiZmlkIjoiZXBLZl9UOC1ScDJiSHBwUDBrV3hyeiIsInByb2plY3ROdW1iZXIiOjg3NjMzMzM3MTU5Nn0.AB2LPV8wRgIhAK1ERsZwtJeus_lDFOFZTppkosSi1lti1SjkUx2BkwrZAiEAnBrKFulSffSkUAC_BsiQc2IR9K3nsPRHQU2I_CjC2Yg","RefreshToken":"3_AS3qfwJSXUK5eqILsqC7v8bS2jIa94O51iiHykihpsxq2qsCM4JOCg9quEXNCU_ndfRFEmgO1ghQX8ceXl81CNabyKjn565MGF4sHE2R_PobcnQ","TokenCreationEpochInSecs":1765546528,"ExpiresInSecs":604800}