{"Fid":"fnJCp88XQz65EpFgKsBaGc","Status":3,"AuthToken":"eyJhbGciOiJFUzI1NiIsInR5cCI6IkpXVCJ9.eyJhcHBJZCI6IjE6NjM2ODEzODMyNjYyOmFuZHJvaWQ6NmVlMWZhZWNlZGIzYjFkYmZjNzQ3NyIsImV4cCI6MTc3MDE4MDUxNCwiZmlkIjoiZm5KQ3A4OFhRejY1RXBGZ0tzQmFHYyIsInByb2plY3ROdW1iZXIiOjYzNjgxMzgzMjY2Mn0.AB2LPV8wRQIhAM7rWA6fgFm87JFVkddHJaH1HwW8cyfDYQ7GXDKSFRFHAiACIu52sH1g670X7A5-rQm0v2USb98y6cx84xOsBUmLYg","RefreshToken":"3_AS3qfwLaTPoElEmAJd_3X0cMHyt5FjxoiKnh7ZDKfiajACY0fchJsxemnfYQpuhgk9EgzwgOXzFR3GCNPbQmqMcVIysFLTOWNcb4RHM5bx_7rvs","TokenCreationEpochInSecs":1769575715,"ExpiresInSecs":604800}