{"Fid":"eJPQ5qRlQbuvJ7X379B5qX","Status":3,"AuthToken":"eyJhbGciOiJFUzI1NiIsInR5cCI6IkpXVCJ9.eyJhcHBJZCI6IjE6NjM2ODEzODMyNjYyOmFuZHJvaWQ6NmVlMWZhZWNlZGIzYjFkYmZjNzQ3NyIsImV4cCI6MTc2NTUxMzEzMiwiZmlkIjoiZUpQUTVxUmxRYnV2SjdYMzc5QjVxWCIsInByb2plY3ROdW1iZXIiOjYzNjgxMzgzMjY2Mn0.AB2LPV8wRQIgW9aMFExULHGI-MJsMHrN7S9W1m66YsguOK_Vx8a39KICIQDL-MWbmdcykE9hD0Mq46a_u1GO8nCfeYsTUkjBl00Tnw","RefreshToken":"3_AS3qfwIFg9HIImGB3WgMsVLszQjyhoYun9TBtLhOanXQaYIDTF8L4HZgzlVgoy5L4GoT6UMpkQnI2q1Hha7cimRSMNMDWvaeAznDdRzmkplKRHw","TokenCreationEpochInSecs":1764908333,"ExpiresInSecs":604800}